,name,age,birthcity,birthcountry,grade,no_opinions,no_awards,no_nominations,top_number,profession,known_for_list,three_best_roles,newest_productions
0,Robin Williams I,71.0,Illinois,USA ,"8,7",46 511,16.0,37.0,27.0,aktorzy,"['Buntownik z wyboru', 'Pani Doubtfire', 'Stowarzyszenie Umarłych Poetów']","['John Keating', 'Sean Maguire', 'Daniel Hillard / Pani Euphegenia Doubtfire']","['Choleryk z Brooklynu', 'Wesołe kurcze święta', 'Noc w muzeum: Tajemnica grobowca']"
1,Jude Law ,50.0,Anglia,Wielka Brytania ,"8,4",67 553,2.0,28.0,118.0,aktorzy,"['Utalentowany pan Ripley', 'Młody papież', 'A.I. Sztuczna inteligencja']","['Milo Tindle', 'Dom Hemingway', 'Dickie Greenleaf']","['Sherlock Holmes 3', ""Fantastyczne zwierzęta: Tajemnice Dumbledore'a"", 'Lee']"
2,Al Pacino I,82.0,Nowy Jork,USA ,"8,9",112 758,31.0,53.0,4.0,aktorzy,"['Ojciec chrzestny', 'Ojciec chrzestny II', 'Zapach kobiety']","['Podpułkownik Frank Slade', 'John Milton', 'Sonny Wortzik']","['King Lear', 'Dom Gucci', 'W pułapce zdrady']"
3,Helena Bonham Carter ,56.0,Anglia,Wielka Brytania ,"8,7",91 447,9.0,45.0,2.0,aktorki,"['Jak zostać królem', 'The Crown', 'Nędznicy']","['Jane Hatchard', 'Pani Lovett', 'Marla Singer']","['Enola Holmes 2', 'Ten Percent', 'The Cleaner']"
4,Sylvester Stallone ,76.0,Nowy Jork,USA ,"8,2",59 923,17.0,38.0,68.0,scenariusza,"['Rocky', 'Creed: Narodziny legendy', 'Rocky 4']",['Frank Leone'],"['Samaritan', 'Scarpa', 'Tough as They Come']"
5,Joaquin Phoenix ,48.0, San Juan,Portoryko ,"9,2",85 739,14.0,48.0,1.0,aktorzy,"['Gladiator', 'Joker', 'Mistrz']","['Freddie Quell', 'Johnny', 'Kommodus']","['Kitbag', 'Disappointment Blvd.', ""C'mon C'mon""]"
6,Matt Damon ,52.0,Massachusetts,USA ,"8,1",76 801,9.0,65.0,56.0,scenarzyści,"['Marsjanin', 'Szeregowiec Ryan', 'Infiltracja']","['Will Hunting', 'Tom Ripley', 'Carroll Shelby']","['Oppenheimer', 'Thor: Miłość i grom', 'Ostatni pojedynek']"
7,Jared Leto ,51.0,Luizjana,USA ,"8,1",59 049,15.0,15.0,274.0,aktorzy,"['Cienka czerwona linia', 'Dom Gucci', 'Legion samobójców']","['Rayon', 'Harry Goldfarb', 'Dorosły Nemo Nobody / Nemo Nobody w wieku 118 lat']","['Morbius', 'Adrift', 'WeCrashed: Upadek start-upu']"
8,Charlize Theron ,47.0, Benoni,RPA ,"8,3",59 258,16.0,65.0,25.0,aktorki,"['Monster', 'Mad Max: Na drodze gniewu', 'Królewna Śnieżka i Łowca']","['Aileen Wuornos', 'Megyn Kelly', 'Marlo']","['Hancock 2', 'Atomic Blonde 2', 'The School for Good and Evil']"
9,Nicole Kidman ,55.0,Hawaje,USA ,"8,2",61 214,28.0,89.0,51.0,aktorki,"['Godziny', 'Moulin Rouge!', 'Wielkie kłamstewka']","['Virginia Woolf', 'Erin Bell', 'Celeste Wright']","['Aquaman and the Lost Kingdom', 'Wiking', 'Ryk']"
10,Jim Carrey ,60.0, Newmarket,Kanada ,"8,5",56 232,23.0,50.0,76.0,aktorzy,"['Truman Show', 'Bruce Wszechmogący', 'Głupi i głupszy']","['Andy Kaufman', 'Jeff / Pan Pickles', 'Hrabia Olaf']","['Sonic 2: Szybki jak błyskawica', 'Kidding', 'Sonic. Szybki jak błyskawica']"
11,Denzel Washington ,68.0,Nowy Jork,USA ,"8,6",63 353,24.0,75.0,58.0,aktorzy,"['Dzień próby', 'Lot', 'Płoty']","['Alonzo', 'John W. Creasy', 'Frank Lucas']","['The Equalizer 3', 'Tragedia Makbeta', 'Małe rzeczy']"
12,Liam Neeson ,70.0,Irlandia Północna,Wielka Brytania ,"8,2",67 630,4.0,19.0,216.0,aktorzy,"['Lista Schindlera', 'Kinsey', 'Michael Collins']","['Oskar Schindler', 'Michael Collins', 'Jean Valjean']","['Demaskator', 'Memory', 'Marlowe']"
13,Ryan Reynolds I,46.0, Vancouver,Kanada ,"8,4",71 708,8.0,33.0,108.0,aktorzy,"['Deadpool', 'Amityville', 'Zielona Latarnia']","['Guy', 'Michael Bryce', 'Andrew Paxton']","['Deadpool 3', 'Projekt Adam', 'Czerwona nota']"
14,Cate Blanchett ,53.0, Melbourne,Australia ,"8,5",79 104,45.0,74.0,13.0,aktorki,"['Blue Jasmine', 'Władca Pierścieni: Drużyna Pierścienia', 'Aviator']","['Bob Dylan / Jude', 'Jasmine', 'Elżbieta I']","['Disclaimer', 'Brideshead Revisited', 'Zaułek koszmarów']"
15,Scarlett Johansson ,38.0,Nowy Jork,USA ,"8,2",98 419,15.0,90.0,52.0,aktorki,"['Między słowami', 'Avengers: Wojna bez granic', 'Historia małżeńska']","['Nicole Barber', 'Rosie', 'Charlotte']","['Asteroid City', 'Czarna Wdowa', 'Avengers: Koniec gry']"
16,Amy Adams III,48.0, Vicenza,Włochy ,"8,2",66 476,17.0,82.0,61.0,aktorki,"['American Hustle', 'Nowy początek', 'Mistrz']","['Bev', 'Camille Preaker', 'Sydney Prosser']","['Disenchanted', 'Kobieta w oknie', 'Nightbitch']"
17,J.K. Simmons ,67.0,Michigan,USA ,"8,3",50 192,16.0,17.0,105.0,aktorzy,"['Whiplash', 'Palm Springs', 'Being the Ricardos']","['Terence Fletcher', 'Howard Silk', 'Vernon Schillinger']","['Batgirl', 'Night Sky', 'Liga Sprawiedliwości Zacka Snydera']"
18,Ian McKellen ,83.0,Anglia,Wielka Brytania ,"8,8",61 666,15.0,31.0,16.0,aktorzy,"['Władca Pierścieni: Drużyna Pierścienia', 'Władca Pierścieni: Powrót króla', 'Uczeń szatana']",['Sherlock Holmes'],"['The Curse of The Buxom Strumpet', 'Infinitum: Subject Unknown', 'Koty']"
19,Janusz Gajos ,83.0, Dąbrowa Górnicza,Polska ,"8,6",56 384,19.0,15.0,46.0,aktorzy,"['Kler', 'Body/Ciało', 'Przesłuchanie']","['Bohater', 'Cenzor Rabkiewicz', 'Major Zawada ""Kąpielowy""']","['Fuks 2', 'Bez skrupułów', 'Król']"
20,Jennifer Lawrence III,32.0,Kentucky,USA ,"8,2",87 777,47.0,63.0,49.0,aktorki,"['American Hustle', 'Igrzyska śmierci II: W pierścieniu ognia', 'Igrzyska śmierci: Kosogłos. Część 1']","['Matka', 'Tiffany Maxwell', 'Rosalyn Rosenfeld']","['No Hard Feelings', 'Bad Blood', 'Mob Girl']"
21,Meryl Streep ,73.0,New Jersey,USA ,"8,2",108 031,56.0,121.0,63.0,aktorki,"['Diabeł ubiera się u Prady', 'Julie i Julia', 'Żelazna Dama']","['Miranda Priestly', 'Violet Weston', 'Margaret Thatcher']","['Extrapolations', 'Nie patrz w górę', 'Bal']"
22,Robert Więckiewicz ,55.0, Nowa Ruda,Polska ,"8,2",63 025,11.0,15.0,190.0,aktorzy,"['W ciemności', 'Pod Mocnym Aniołem', 'Wszystko będzie dobrze']","['Jerzy', 'Nauczyciel Andrzej', 'Jacek']","['Behawiorysta', 'Minuta ciszy', 'Najmro. Kocha, kradnie, szanuje']"
23,Keira Knightley ,37.0,Anglia,Wielka Brytania ,"8,0",60 773,9.0,38.0,91.0,aktorki,"['Piraci z Karaibów: Skrzynia umarlaka', 'Piraci z Karaibów: Na krańcu świata', 'Pokuta']","['Colette', 'Georgiana, Księżna Devonshire', 'Elizabeth Bennet']","['Silent Night', 'Niepokorna miss', 'W domu innego']"
24,Matthew McConaughey ,53.0,Teksas,USA ,"8,7",81 927,16.0,26.0,28.0,aktorzy,"['Witaj w klubie', 'Magic Mike', 'Detektyw']","['Ron Woodroof', 'Kenny Wells', 'Cooper']","['Fast Times at Ridgemont High Table Read', 'Przynęta', 'Plażowy haj']"
25,Hugh Jackman ,54.0, Sydney,Australia ,"8,6",71 837,5.0,44.0,43.0,aktorzy,"['Logan: Wolverine', 'Nędznicy', 'X-Men Geneza: Wolverine']","['Jean Valjean', 'Keller Dover', 'P.T. Barnum']","['Enzo Ferrari', 'Reminiscencja', 'Zła edukacja']"
26,Will Smith I,54.0,Pensylwania,USA ,"8,3",78 323,26.0,68.0,133.0,aktorzy,"['Jestem legendą', 'W pogoni za szczęściem', 'Faceci w czerni']","['Chris Gardner', 'Ben Thomas', 'Robert Neville']","['I Am Legend 2', 'Hancock 2', 'Colossus']"
27,Natalie Portman ,41.0, Jerozolima,Izrael ,"8,5",87 065,18.0,51.0,12.0,aktorki,"['Czarny łabędź', 'W jak wendeta', 'Gwiezdne wojny: Część II - Atak klonów']","['Nina Sayers', 'Matylda', 'Jackie Kennedy']","['We Are All Completely Beside Ourselves', 'Thor: Miłość i grom', 'The Days of Abandonment']"
28,Edward Norton I,53.0,Massachusetts,USA ,"8,8",85 275,12.0,32.0,17.0,aktorzy,"['Lęk pierwotny', 'Birdman czyli (Nieoczekiwane pożytki z niewiedzy)', 'Więzień nienawiści']","['Aaron Stampler / Roy', 'Derek Vinyard', 'Jack / Brian']","['Extrapolations', 'Kurier Francuski z Liberty, Kansas Evening Sun', 'Osierocony Brooklyn']"
29,Mel Gibson I,66.0,Nowy Jork,USA ,"8,4",45 362,14.0,25.0,96.0,scenarzyści,"['Waleczne Serce - Braveheart', 'Zabójcza broń 3', 'Co wiecie o swoich dziadkach?']","['William Wallace', 'Benjamin Martin', 'Jerry Fletcher']","['Agent Game', 'Hot Seat', 'Panama']"
30,Julianne Moore ,62.0,Karolina Północna,USA ,"8,1",56 262,39.0,51.0,75.0,aktorki,"['Motyl Still Alice', 'Godziny', 'Boogie Nights']","['Alice Howland', 'Laura Brown', 'Cathy Whitaker']","['When You Finish Saving the World', 'Kobieta w oknie', 'Historia Lisey']"
31,Bruce Willis I,67.0,RFN ,(obecnie Niemcy) ,"8,0",77 875,6.0,21.0,286.0,aktorzy,"['Armageddon', 'Na wariackich papierach', 'Kod Merkury']","['Malcolm Crowe', 'James Cole', 'Korben Dallas']","['McClane', 'Corrective Measures', 'Gasoline Alley']"
32,Robert De Niro ,79.0,Nowy Jork,USA ,"8,7",150 763,22.0,56.0,36.0,aktorzy,"['Taksówkarz', 'Wściekły Byk', 'Chłopcy z ferajny']","['Leonard Lowe', 'Travis Bickle', 'Jake La Motta']","['Killers of the Flower Moon', 'Untitled David O. Russell Project', 'Armageddon Time']"
33,Keanu Reeves ,58.0, Bejrut,Liban ,"8,2",71 494,5.0,24.0,214.0,aktorzy,"['Matrix', 'Speed: Niebezpieczna szybkość', 'Dom nad jeziorem']","['John Wick', 'Keanu Reeves', 'Kevin Lomax']","['Rain', 'John Wick: Chapter 4', 'BRZRKR']"
34,Bradley Cooper I,47.0,Pensylwania,USA ,"8,3",79 198,13.0,75.0,132.0,aktorzy,"['Poradnik pozytywnego myślenia', 'Narodziny gwiazdy', 'Snajper']","['Jack', 'Christopher Scott ""Chris"" Kyle', 'Eddie Morra']","['Atlantic Wall', 'Maestro', 'Zaułek koszmarów']"
35,Eddie Redmayne ,40.0,Anglia,Wielka Brytania ,"8,7",56 026,6.0,26.0,38.0,aktorzy,"['Teoria wszystkiego', 'Nędznicy', 'Jupiter: Intronizacja']","['Stephen Hawking', 'Einar Wegener / Lili Elbe', 'Jack']","[""Fantastyczne zwierzęta: Tajemnice Dumbledore'a"", 'Proces Siódemki z Chicago', 'The Aeronauts']"
36,Margot Robbie ,32.0, Gold Coast,Australia ,"8,6",72 325,8.0,41.0,5.0,aktorki,"['Legion samobójców', 'Jestem najlepsza. Ja, Tonya', 'Ptaki Nocy (i fantastyczna emancypacja pewnej Harley Quinn)']","['Tonya Harding', 'Naomi Lapaglia', 'Jess']","['Ruin', 'Barbie', 'Gotham City Sirens']"
37,Rachel McAdams ,44.0, London,Kanada ,"8,1",53 764,11.0,32.0,83.0,aktorki,"['Pamiętnik', 'Spotlight', 'Sherlock Holmes']","['Allie', 'Mary', 'Clare Abshire']","['Sherlock Holmes 3', 'Doktor Strange w multiwersum obłędu', 'Eurovision Song Contest: Historia zespołu Fire Saga']"
38,Maciej Stuhr ,47.0, Kraków,Polska ,"7,4",52 365,11.0,32.0,,,"['Pokłosie', 'Bad Boy', '33 sceny z życia']","['Alek Malinowski', 'Tomek Wilczyński', 'Paweł Zawadzki']","['Fucking Bornholm', 'Fuks 2', 'Szadź']"
39,Gary Oldman ,64.0,Anglia,Wielka Brytania ,"8,6",91 555,12.0,34.0,42,aktorzy,"['Czas mroku', 'Dracula', 'Szpieg']","['Norman Stansfield', 'Winston Churchill', 'Sid Vicious']","['Flying Horse', 'Oppenheimer', 'Kulawe konie']"
40,Adam Driver I,39.0,Kalifornia,USA ,"8,1",49 020,12.0,38.0,258,aktorzy,"['Historia małżeńska', 'Gwiezdne wojny: Przebudzenie Mocy', 'Paterson']","['Charlie Barber', 'Henry McHenry', 'Paterson']","['Enzo Ferrari', '65', 'White Noise']"
41,Nicolas Cage ,58.0,Kalifornia,USA ,"7,6",55 132,11.0,35.0,,,"['Zostawić Las Vegas', 'Twierdza', 'Bez twarzy']","['Ben Sanderson', 'Nick Cage / Nicky', 'Sailor Ripley']","['Renfield', 'Nieznośny ciężar wielkiego talentu', 'The Old Ways']"
42,Vin Diesel ,55.0,Nowy Jork,USA ,"8,2",42 519,3.0,24.0,178,aktorzy,"['Szybcy i wściekli', 'Szybcy i wściekli 6', 'Szeregowiec Ryan']","['Richard B. Riddick', 'Richard B. Riddick', 'Richard B. Riddick']","['Fast X', 'Riddick 4: Furya', 'Szybcy i wściekli 9']"
43,Kate Winslet ,47.0,Anglia,Wielka Brytania ,"8,6",64 746,27.0,65.0,6,aktorki,"['Lektor', 'Titanic 3D', 'Mare z Easttown']","['Detektyw Mare Sheehan', 'Hanna Schmitz', 'Myrtle ""Tilly"" Dunnage']","['Avatar 2', 'Lee', 'Mare z Easttown']"
44,Chris Hemsworth ,39.0, Melbourne,Australia ,"8,4",68 153,8.0,37.0,124,aktorzy,"['Avengers 3D', 'Avengers: Czas Ultrona', 'Avengers: Wojna bez granic']","['James Hunt', 'Tyler Rake']","['Furiosa', 'Thor: Miłość i grom', 'Extraction 2']"
45,Brad Pitt ,59.0,Oklahoma,USA ,"8,7",162 606,36.0,70.0,29,aktorzy,"['Wywiad z wampirem', 'Pan i pani Smith', 'Zniewolony. 12 Years a Slave']","['Tyler Durden', 'Jeffrey Goines', ""Mickey O'Neil""]","['Bullet Train', 'Zaginione miasto', 'Babylon']"
46,Tom Hiddleston ,41.0,Anglia,Wielka Brytania ,"8,5",62 635,6.0,13.0,50,aktorzy,"['Avengers 3D', 'Loki', 'Nocny recepcjonista']","['Adam', 'Jonathan Pine', 'Thomas Sharpe']","['The Essex Serpent', 'Loki', 'Avengers: Koniec gry']"
47,Ewan McGregor ,51.0,Szkocja,Wielka Brytania ,"8,3",60 084,10.0,31.0,154,aktorzy,"['Moulin Rouge!', 'Fargo', 'Autor widmo']","['Renton', 'Curt Wild', 'Christian']","['Everest', 'Obi-Wan Kenobi', 'Halston']"
48,Mark Wahlberg I,51.0,Massachusetts,USA ,"7,8",48 443,3.0,38.0,29,producenci,"['Infiltracja', 'Ted', 'Ocalony']","['Sierżant sztabowy Sean Dignam', 'David McCall', 'Bob Lee Swagger']","['Uncharted', 'Father Stu', 'W nieskończoność']"
49,Chris Evans V,41.0,Massachusetts,USA ,"8,4",77 589,5.0,38.0,109,aktorzy,"['Kapitan Ameryka: Wojna bohaterów', 'Avengers 3D', 'Avengers: Czas Ultrona']","['Bryce', 'Mike Weiss', 'Jimmy']","['Jekyll', 'Szary człowiek', 'Nie patrz w górę']"
50,Marcin Dorociński ,49.0, Milanówek,Polska ,"8,3",62 580,5.0,16.0,144,aktorzy,"['Róża', 'PitBull', 'Rewers']","['Podkomisarz Sławomir Desperski ""Despero""', 'Tadeusz', 'Andrzej']","['Niebezpieczni dżentelmeni', 'Czarny młyn', 'Teściowie']"
51,Jack Nicholson I,85.0,New Jersey,USA ,"9,0",74 644,48.0,42.0,2,aktorzy,"['Lepiej być nie może', 'Lśnienie', 'Infiltracja']","['Melvin Udall', ""J. J. 'Jake' Gittes"", 'Płk. Nathan R. Jessup']","['Skąd wiesz?', 'Choć goni nas czas', 'Infiltracja']"
52,Mads Mikkelsen ,57.0, Kopenhaga,Dania ,"8,7",48 358,7.0,21.0,37,aktorzy,"['Polowanie', 'Na rauszu', 'Hannibal']","['Lucas', 'Ivan', 'Martin']","['War Below Zero', 'Untitled Indiana Jones Project', ""Fantastyczne zwierzęta: Tajemnice Dumbledore'a""]"
53,Tom Hanks ,66.0,Kalifornia,USA ,"8,9",135 936,27.0,71.0,320,scenarzyści,"['Filadelfia', 'Forrest Gump', 'Apollo 13']","['Andrew Beckett', 'Kapitan John H. Miller', 'Kapitan Richard Phillips']","['Elvis', 'Pinocchio', 'Asteroid City']"
54,Anne Hathaway ,40.0,Nowy Jork,USA ,"8,1",58 655,17.0,41.0,69,aktorki,"['Nędznicy', 'Mroczny Rycerz powstaje', 'Miłość i inne używki']","['Emma Morley', 'Fantine', 'Maggie Murdock']","['Get Happy: The Life of Judy Garland', 'Sesame Street', 'She Came to Me']"
55,Ryan Gosling ,42.0, London,Kanada ,"8,2",72 094,11.0,54.0,176,aktorzy,"['Drive', 'La La Land', 'Nice Guys. Równi goście']","['Noah', 'Lars Lindstrom', 'Kierowca']","['Barbie', 'Szary człowiek', 'Pierwszy człowiek']"
56,Emma Watson II,32.0, Paryż,Francja ,"8,3",62 950,9.0,26.0,32,aktorki,"['Harry Potter i Insygnia Śmierci, cz.2', 'Harry Potter i Insygnia Śmierci: Część I', 'Piękna i Bestia']","['Sam', 'Pauline Fossil']","['Małe kobietki', 'Piękna i Bestia', 'The Circle. Krąg']"
57,Samuel L. Jackson ,74.0,Dystrykt Kolumbii,USA ,"8,4",143 299,7.0,31.0,114,aktorzy,"['Pulp Fiction', 'Django', 'Nienawistna ósemka']","['Major Marquis Warren', 'Trener Ken Carter', 'Darius Kincaid']","['The Marvels', 'Argylle', 'The Blob']"
58,Robert Pattinson ,36.0,Anglia,Wielka Brytania ,"8,1",48 177,23.0,22.0,268,aktorzy,"['Saga ""Zmierzch"": Zaćmienie', 'Saga ""Zmierzch"": Księżyc w nowiu', 'Saga ""Zmierzch"": Przed świtem. Część 2']","['Thomas Howard', 'Wielebny Preston Teagardin', 'Connie Nikas']","['Batman', 'Diabeł wcielony', 'Tenet']"
59,Christian Bale ,48.0,Walia,Wielka Brytania ,"8,8",106 862,22.0,47.0,23,aktorzy,"['Fighter', 'Mroczny Rycerz', 'Batman - Początek']","['Trevor Reznik', 'Dicky Eklund', 'Dick Cheney']","['Thor: Miłość i grom', 'The Pale Blue Eye', 'Untitled David O. Russell Project']"
60,Daniel Radcliffe ,33.0,Anglia,Wielka Brytania ,"8,2",49 023,5.0,22.0,228,aktorzy,"['Harry Potter i Insygnia Śmierci, cz.2', 'Harry Potter i Kamień Filozoficzny', 'Harry Potter i Insygnia Śmierci: Część I']","['Manny', 'Allen Ginsberg', 'Młody dr Vladimir Bomgard']","['Weird: The Al Yankovic Story', 'Zaginione miasto', 'Cudotwórcy: Szlak oregoński']"
61,Arkadiusz Jakubik ,53.0, Strzelce Opolskie,Polska ,"8,4",53 442,9.0,19.0,96,aktorzy,"['Wołyń', 'Drogówka', 'Dom zły']","['Edward Środoń', 'Notariusz Jan Janocha', 'Ksiądz Andrzej Kukuła']","['Informacja zwrotna', 'Klangor', 'Wesele']"
62,Orlando Bloom ,45.0,Anglia,Wielka Brytania ,"8,3",55 291,9.0,16.0,150,aktorzy,"['Piraci z Karaibów: Skrzynia umarlaka', 'Władca Pierścieni: Drużyna Pierścienia', 'Władca Pierścieni: Powrót króla']","['Malky', 'Brian Epkeen']","['Igła w stogu czasu', 'Carnival Row', 'Kamdesh. Afgańskie piekło']"
63,Heath Ledger ,43.0, Perth,Australia ,"8,8",47 660,20.0,24.0,13,aktorzy,"['Tajemnica Brokeback Mountain', ""I'm Not There. Gdzie indziej jestem"", 'Obłędny rycerz']","['Ennis Del Mar', 'Patrick Verona', 'Dan']","['Parnassus', 'Mroczny Rycerz', ""I'm Not There. Gdzie indziej jestem""]"
64,Woody Harrelson ,61.0,Teksas,USA ,"8,4",87 682,8.0,39.0,116,aktorzy,"['To nie jest kraj dla starych ludzi', 'Trzy billboardy za Ebbing, Missouri', 'Cienka czerwona linia']","['Mickey Knox', 'Rex', 'Larry Flynt']","['The Man from Toronto', 'Venom 2: Carnage', 'Kate']"
65,Jake Gyllenhaal ,42.0,Kalifornia,USA ,"8,7",109 276,4.0,44.0,25,aktorzy,"['Tajemnica Brokeback Mountain', 'Wolny strzelec', 'Labirynt']","['Louis Bloom', 'Billy Hope', 'Detektyw David Loki']","['The Interpreter', 'The Division', 'Rio']"
66,Christoph Waltz ,66.0, Wiedeń,Austria ,"8,8",60 324,19.0,9.0,19,aktorzy,"['Django', 'Bękarty wojny', 'Rzeź']","['Dr King Schultz', 'Alan Cowan', 'August Rosenbluth']","['Reagan & Gorbachev', 'The Portable Door', 'Kurier Francuski z Liberty, Kansas Evening Sun']"
67,Russell Crowe ,58.0, Wellington,Nowa Zelandia ,"8,6",62 007,16.0,49.0,56,aktorzy,"['Informator', 'Nędznicy', 'Nice Guys. Równi goście']","['John Forbes Nash Jr.', 'Maximus', 'Jim Braddock']","['Kraven the Hunter', 'Land of Bad', 'Rothko']"
68,Agata Kulesza ,51.0, Szczecin,Polska ,"8,3",50 559,12.0,15.0,33,aktorki,"['Sala samobójców', 'Róża', 'Ida']","['Róża Kwiatkowska', 'Teresa Klemańska', 'Marta Makowska']","['Wesele', '25 lat niewinności. Sprawa Tomka Komendy', 'Skazana']"
69,Quentin Tarantino ,59.0,Tennessee,USA ,"8,9",37 479,42.0,82.0,2,scenarzyści,"['Pewnego razu... w Hollywood', 'Nienawistna ósemka', 'Wściekłe psy']","['""The Man from Hollywood""']","['Pewnego razu... w Hollywood', 'Nienawistna ósemka', 'Django']"
70,Viggo Mortensen ,64.0,Nowy Jork,USA ,"8,6",50 890,7.0,45.0,24,aktorzy,"['Władca Pierścieni: Powrót króla', 'Green Book', 'Captain Fantastic']","['Tony Lip', 'Ben', 'Nikolai Luzhin']","['Crimes of the Future', 'Jeszcze jest czas', 'Green Book']"
71,Emma Stone III,34.0,Arizona,USA ,"8,3",70 795,17.0,60.0,36,aktorki,"['La La Land', 'Służące', 'Birdman czyli (Nieoczekiwane pożytki z niewiedzy)']","['Abigail', 'Annie Landsberg', 'Olive Penderghast']","['Poor Things', 'Cruella', 'The Curse']"
72,Ben Affleck ,50.0,Kalifornia,USA ,"7,5",50 632,28.0,59.0,122,scenarzyści,"['Operacja Argo', 'Buntownik z wyboru', 'Pearl Harbor']","['Christian Wolff', 'Chuckie Sullivan', 'Doug MacRay']","['Justice League Part Two', 'The Flash', 'Głęboka woda']"
73,Kevin Spacey ,63.0,New Jersey,USA ,"8,8",74 552,19.0,40.0,14,aktorzy,"['Siedem', 'Podejrzani', 'House of Cards']","['Prot', 'Dr David Gale', 'Jack Vincennes']","['Gore', 'Klub miliarderów', 'House of Cards']"
74,Tom Hardy I,45.0,Anglia,Wielka Brytania ,"8,8",113 793,4.0,23.0,21,aktorzy,"['Mad Max: Na drodze gniewu', 'Legend', 'Locke']","['Stuart Shorter', 'Alfie Solomons', 'James Keziah Delaney']","['Mad Max: The Wasteland', 'Havoc', 'Venom 2: Carnage']"
75,Morgan Freeman I,85.0,Tennessee,USA ,"8,5",104 451,14.0,25.0,91,aktorzy,"['Za wszelką cenę', 'Wożąc panią Daisy', 'Invictus - Niepokonany']","['Somerset', 'Eddie Scrap-Iron Dupris', 'Carter Chambers']","['The Minute You Wake Up Dead', 'Bodyguard i żona zawodowca', 'Solówki']"
76,Colin Firth ,62.0,Anglia,Wielka Brytania ,"8,5",62 540,20.0,17.0,69,aktorzy,"['Jak zostać królem', 'Samotny mężczyzna', 'Dziennik Bridget Jones']","['Fitzwilliam Darcy', 'Król Jerzy VI', 'Profesor George Falconer']","['Schody', 'Mothering Sunday', 'Operation Mincemeat']"
77,Clint Eastwood ,92.0,Kalifornia,USA ,"8,9",65 352,36.0,69.0,39,reżyserzy,"['Gran Torino', 'Bez przebaczenia', 'Snajper']","['Bezimienny rewolwerowiec ""Blondas""', 'Bezimienny rewolwerowiec', 'William ""Bill"" Munny']","['Cry Macho', 'Przemytnik', 'Snajper']"
78,Harrison Ford I,80.0,Illinois,USA ,"8,6",81 852,6.0,19.0,55,aktorzy,"['Gwiezdne wojny IV - Nowa nadzieja', 'Indiana Jones: Poszukiwacze zaginionej Arki', 'Gwiezdne wojny: Przebudzenie Mocy']","['Dr Richard Kimble', 'Doktor Richard Walker', 'William Jones']","['Untitled Indiana Jones Project', 'Zew krwi', 'Gwiezdne wojny: Skywalker. Odrodzenie']"
79,Michael Fassbender ,45.0,RFN ,(obecnie Niemcy) ,"8,1",61 829,17.0,44.0,204,aktorzy,"['Wstyd', 'Bękarty wojny', 'Zniewolony. 12 Years a Slave']","['Brandon Sullivan', 'Bobby Sands', 'Edwin Epps']","['Kung Fury II: The Movie', 'Next Goal Wins', 'The Killer']"
80,Johnny Depp ,59.0,Kentucky,USA ,"8,8",214 623,24.0,73.0,18,aktorzy,"['Piraci z Karaibów: Skrzynia umarlaka', 'Piraci z Karaibów: Na krańcu świata', 'Sweeney Todd: Demoniczny golibroda z Fleet Street']","['Raoul Duke', 'Sweeney Todd', 'Sam']","['In the Hand of Dante', 'Minamata', 'Czekając na barbarzyńców']"
81,Alan Rickman I,76.0,Anglia,Wielka Brytania ,"8,9",79 347,9.0,15.0,5,aktorzy,"['Szklana pułapka', 'Robin Hood: Książę złodziei', 'Rasputin']",['Pułkownik Christopher Brandon'],"['Niewidzialny wróg', 'Odrobina chaosu', 'Kamerdyner']"
82,Mark Ruffalo ,55.0,Wisconsin,USA ,"8,1",66 415,10.0,51.0,240,aktorzy,"['Spotlight', 'Avengers 3D', 'Foxcatcher']","['Dominick Birdsey / Thomas Birdsey', 'Ned Weeks', 'Cameron Stuart']","['She-Hulk', 'Poor Things', 'Newsflash']"
83,Ralph Fiennes ,60.0,Anglia,Wielka Brytania ,"8,6",72 557,9.0,43.0,47,aktorzy,"['The Hurt Locker. W pułapce wojny', 'Wierny ogrodnik', 'Kropla słońca']","['Amon Goeth', 'Pan Gustave H.', 'Ignatz Sonnenschein / Adam Sors / Ivan Sors']","['The Menu ', 'Brideshead Revisited', 'The Return']"
84,Daniel Craig I,54.0,Anglia,Wielka Brytania ,"8,3",48 730,3.0,20.0,148,aktorzy,"['Skyfall', 'Nie czas umierać', 'Casino Royale']","['Benoit Blanc', 'Mikael Blomkvist', 'Rudy Mackenzie']","['Nie czas umierać', 'Purity', 'Na noże']"
85,Martin Freeman II,51.0,Anglia,Wielka Brytania ,"8,4",49 037,4.0,12.0,71,aktorzy,"['Sherlock', 'Hobbit: Tam i z powrotem', 'Czarna Pantera']","['Lester Nygaard', 'Mike Priddle', 'Andy']","['Czarna Pantera: Wakanda w moim sercu', 'Policjant', 'Rodzice']"
86,Benedict Cumberbatch ,46.0,Anglia,Wielka Brytania ,"8,8",95 171,11.0,49.0,20,aktorzy,"['Sherlock', 'Hobbit 2: Pustkowie Smauga', 'Psie pazury']","['Patrick Melrose', 'Nekromanta', 'Alan Turing']","['Doktor Strange w multiwersum obłędu', 'Rio', 'The 39 Steps']"
87,Anthony Hopkins I,85.0,Walia,Wielka Brytania ,"8,9",102 549,23.0,50.0,7,aktorzy,"['Milczenie owiec', 'Ojciec', 'Okruchy dnia']","['Anthony', 'James Stevens', 'Burt Munro']","['Arabian Nights', 'Hemingway & Fuentes', 'Wirtuoz. Pojedynek zabójców']"
88,Leonardo DiCaprio ,48.0,Kalifornia,USA ,"9,0",228 144,34.0,90.0,3,aktorzy,"['Titanic 3D', 'Infiltracja', ""Co gryzie Gilberta Grape'a""]","['Arnie Grape', 'Jordan Belfort', 'Jim Carroll']","['Roosevelt', 'Killers of the Flower Moon', 'Jim Jones']"
89,Angelina Jolie ,47.0,Kalifornia,USA ,"8,5",64 094,17.0,51.0,10,aktorki,"['Pan i pani Smith', 'Przerwana lekcja muzyki', 'Oszukana']","['Lisa Rowe', 'Gia Carangi', 'Christine Collins']","['Eternals', 'Ci, którzy życzą mi śmierci', 'Piotruś Pan i Alicja w Krainie Czarów']"
90,Willem Dafoe ,67.0,Wisconsin,USA ,"8,2",64 923,19.0,37.0,167,aktorzy,"['Projekt Floryda', 'Lighthouse', 'Cień wampira']","['Thomas Wake', 'Paul Smecker', 'Sierżant Elias Grodin']","['Wiking', 'Poor Things', 'Kurier Francuski z Liberty, Kansas Evening Sun']"
91,Michael Caine I,89.0,Anglia,Wielka Brytania ,"8,2",56 757,12.0,33.0,177,aktorzy,"['Młodość', 'Wbrew regułom', 'Hannah i jej siostry']","['Milo Tindle', 'Matthew Morgan', 'Fred Ballinger']","['Jan Žižka', 'Twist', 'Best Sellers']"
92,Bogusław Linda ,70.0, Toruń,Polska ,"8,1",55 581,8.0,13.0,282,aktorzy,"['Psy', 'Tato', 'Kroll']","['Jacek Grochala', 'Michał Sulecki', 'Witek Długosz']","['Odwilż', 'Psy 3. W imię zasad', 'Diablo. Wyścig o wszystko']"
93,James McAvoy ,43.0,Szkocja,Wielka Brytania ,"8,7",63 776,2.0,14.0,32,aktorzy,"['Brud', 'Pokuta', 'Split']","['Dennis / Patricia / Hedwig / Bestia / Kevin Wendell Crumb / Barry / Orwell / Jade', 'Bruce Robertson', 'Patricia / Dennis / Hedwig / Bestia / Barry / Heinrich / Jade / Ian / Mary Reynolds / Norma / Jalin / Kat / B.T. / Kevin Wendell Crumb / Pan Pritchard / Felida / Luke / Goddard / Samuel / Polly']","['Bańka', 'Together', 'Mój syn']"
94,Jason Statham ,55.0,Anglia,Wielka Brytania ,"8,4",70 565,2.0,14.0,123,aktorzy,"['Agentka', 'Szybcy i wściekli 7', 'Szybcy i wściekli 8']","['Frank Martin', 'Rick Ford', 'Frank Martin']","['The Expendables 4', 'Gra fortuny', 'Jeden gniewny człowiek']"
95,Cezary Pazura ,60.0, Tomaszów Mazowiecki,Polska ,"8,0",64 640,6.0,9.0,324,aktorzy,"['Tato', 'Weekend', 'Kroll']","['Fred', 'Podporucznik Waldemar Morawiec ""Nowy""', 'Kapral Edward Wiaderny']","['Tajemnica zawodowa', 'Fuks 2', 'Nie cudzołóż i nie kradnij']"
96,Tom Cruise ,60.0,Nowy Jork,USA ,"8,1",68 903,12.0,52.0,254,aktorzy,"['Wywiad z wampirem', 'Jerry Maguire', 'Magnolia']","['Ron Kovic', 'Lestat de Lioncourt', 'Kapitan Nathan Algren']","['Mission: Impossible - Dead Reckoning Part Two', 'Mission: Impossible 7 - Dead Reckoning Part 1', 'Top Gun: Maverick']"
97,Andrzej Grabowski I,70.0, Chrzanów,Polska ,"7,7",51 239,12.0,52.0,,,"['Pitbull', 'Bad Boy', 'Druga połowa']","['Starszy aspirant Jacek Goc ""Gebels""', 'Ferdynand Kiepski', 'Starszy aspirant Jacek Goc ""Gebels""']","['Ślub doskonały', 'Za duży na bajki', 'Jak pokochałam gangstera']"
98,Dwayne Johnson I,50.0,Kalifornia,USA ,"7,9",48 643,12.0,45.0,126,producenci,"['Jumanji: Przygoda w dżungli', 'Mumia powraca', 'Agent i pół']","['Sean Porter', 'Spencer Strasmore', 'Joe Kingman']","['Doc Savage', 'Arabian Nights', 'San Andreas 2']"
99,Robert Downey Jr. ,57.0,Nowy Jork,USA ,"8,9",130 918,28.0,63.0,10,aktorzy,"['Iron Man III', 'Sherlock Holmes', 'Iron Man']",['Charles Spencer Chaplin'],"['Oppenheimer', 'Sherlock Holmes 3', 'The Sympathizer']"
