,name,birthday,birth_location,grade,no_opinions,awards_str,known_for,best_roles,newest_productions,ranking,awards,nominations,Country_of_birth,City_of_birth,won_oscar
0,Leonardo DiCaprio,11 listopada 1974,"Los Angeles, Kalifornia, USA",9.0,228106,"Zdobył Oscar, 33 inne nagrody i 90 nominacji","Titanic 3D, Infiltracja, Co gryzie Gilberta Grape'a, Wyspa tajemnic, Django, Aviator, Złap mnie, jeśli potrafisz, Wielki Gatsby, ","Arnie Grape, Jordan Belfort, Jim Carroll, Teddy Daniels, Calvin Candie, Frank Abagnale Jr, Billy Costigan, Hugh Glass, Cobb, ","Roosevelt, Killers of the Flower Moon, Jim Jones, Nie patrz w górę, Pewnego razu... w Hollywood, Zjawa, Wilk z Wall Street, Wielki Gatsby, Django, J. Edgar, Wyspa tajemnic, Incepcja, Droga do szczęścia, W sieci kłamstw, Infiltracja, Krwawy diament, Aviator, Gangi Nowego Jorku, Złap mnie, jeśli potrafisz, Don's Plum, Niebiańska plaża, Człowiek w żelaznej masce, Celebrity, Titanic, Pokój Marvina, ",3,34,90, USA,Los Angeles,1
1,Johnny Depp,9 czerwca 1963,"Owensboro, Kentucky, USA",8.8,214508,"Zdobył Złoty Glob, 23 inne nagrody i 73 nominacje","Piraci z Karaibów: Skrzynia umarlaka, Piraci z Karaibów: Na krańcu świata, Sweeney Todd: Demoniczny golibroda z Fleet Street, Alicja w Krainie Czarów, Charlie i fabryka czekolady, Turysta, Mroczne cienie, Jeździec znikąd, ","Raoul Duke, Sweeney Todd, Sam, James Barrie, ","In the Hand of Dante, Minamata, Czekając na barbarzyńców, Pola Londynu, Fantastyczne zwierzęta: Zbrodnie Grindelwalda, Miasto kłamstw, Richard mówi do widzenia, Piraci z Karaibów: Zemsta Salazara, Morderstwo w Orient Expressie, The Black Ghiandola, Alicja po drugiej stronie lustra, Wojowniczki Jogi, Fantastyczne zwierzęta i jak je znaleźć, Donald Trump's The Art of the Deal: The Movie, Bezwstydny Mortdecai, Pakt z diabłem, Transcendencja, Tajemnice lasu, Kieł, Jeździec znikąd, Szczęściarze, Mroczne cienie, 21 Jump Street, Dziennik zakrapiany rumem, Piraci z Karaibów: Na nieznanych wodach, ",18,24,73, USA,Owensboro,0
2,Brad Pitt,18 grudnia 1963,"Shawnee, Oklahoma, USA",8.7,162566,"Zdobył 2 nagrody Oscar, 34 inne nagrody i 70 nominacji","Wywiad z wampirem, Pan i pani Smith, Zniewolony. 12 Years a Slave, Siedem, Bękarty wojny, 12 małp, Troja, Moneyball, ","Tyler Durden, Jeffrey Goines, Mickey O'Neil, Early Grayce, Mills, Billy Canton, Tristan Ludlow, ","Bullet Train, Zaginione miasto, Babylon, Fast Times at Ridgemont High Table Read, Ad Astra, Pewnego razu... w Hollywood, Deadpool 2, Machina wojenna, Sprzymierzeni, Nad morzem, Big Short, Furia, World War Z, Zniewolony. 12 Years a Slave, Adwokat, Zabić, jak to łatwo powiedzieć, 8, Drzewo życia, Moneyball, Bękarty wojny, Ciekawy przypadek Benjamina Buttona, Tajne przez poufne, Zabójstwo Jesse'ego Jamesa przez tchórzliwego Roberta Forda, Ocean's 13, Babel, ",29,36,70, USA,Shawnee,1
3,Robert De Niro,17 sierpnia 1943,"Nowy Jork, Nowy Jork, USA",8.7,150708,"Zdobył 2 nagrody Oscar, 20 innych nagród i 56 nominacji","Taksówkarz, Wściekły Byk, Chłopcy z ferajny, Poradnik pozytywnego myślenia, Ojciec chrzestny II, Przebudzenie, Irlandczyk, Ulice zła, ","Leonard Lowe, Travis Bickle, Jake La Motta, Młody Vito Corleone, Michael ""Mike"" Vronsky, Sam ""Ace"" Rothstein, Neil McCauley, David ""Noodles"" Aaronson, James ""Jimmy"" Conway, Max Cady, ","Killers of the Flower Moon, Untitled David O. Russell Project, Armageddon Time, Wojna z dziadkiem, After Exile, Cwaniaki z Hollywood, Irlandczyk, Joker, Arcyoszust, The Comedian, Kamienne pięści, Co ty wiesz o swoim dziadku?, Praktykant, Człowiek mafii, Joy, Ellis, Feralna noc, Wielkie wesele, Sezon na zabijanie, Last Vegas, Porachunki, Legendy ringu, American Hustle, Czerwone światła, Być jak Flynn, ",36,22,56, USA,Nowy Jork,1
4,Samuel L. Jackson,21 grudnia 1948,"Waszyngton, Dystrykt Kolumbii, USA",8.4,143246,"Zdobył BAFTA, 6 innych nagród i 31 nominacji","Pulp Fiction, Django, Nienawistna ósemka, Jackie Brown, Malaria, Kingsman: Tajne służby, Kapitan Ameryka: Zimowy Żołnierz, Trener, ","Major Marquis Warren, Trener Ken Carter, Darius Kincaid, Czarny, Ordell Robbie, Danny Roman, Henry Herald ""H"" Humphries, ","The Marvels, Argylle, The Blob, Secret Invasion, Ostatnie dni Ptolemeusza Greya, Bodyguard i żona zawodowca, Spirala: Nowy rozdział serii ""Piła"", Protegowana, The Last Full Measure, Spinning Gold, Bankier, Giń, 2020!, Kapitan Marvel, Glass, Spider-Man: Daleko od domu, Shaft, Avengers: Koniec gry, To właśnie życie, Avengers: Wojna bez granic, xXx: Reaktywacja, Kong: Wyspa Czaszki, Bodyguard Zawodowiec, Sklep z jednorożcami, Komórka, Tarzan: Legenda, ",114,7,31, USA,Waszyngton,0
5,Tom Hanks,9 lipca 1956,"Concord, Kalifornia, USA",8.9,135886,"Zdobył 2 nagrody Oscar, 25 innych nagród i 71 nominacji","Filadelfia, Forrest Gump, Apollo 13, Kapitan Phillips, Kompania braci, Sully, Czwarta władza, Duży, ","Andrew Beckett, Kapitan John H. Miller, Kapitan Richard Phillips, Viktor Navorski, Chesley ""Sully"" Sullenberger, Carl Hanratty, Fred Rogers, ","Elvis, Pinocchio, Asteroid City, Finch, Misja Greyhound, Nowiny ze świata, Kolejny film o Boracie, Cóż za piękny dzień, The Circle. Krąg, Czwarta władza, Hologram dla króla, Inferno, Sully, Most szpiegów, Ithaca, Kapitan Phillips, Ratując pana Banksa, Atlas chmur, Larry Crowne - uśmiech losu, Strasznie głośno, niesamowicie blisko, Anioły i demony, Wspaniały Buck Howard, Wojna Charliego Wilsona, Kod da Vinci, Ekspres polarny, ",8,27,71, USA,Concord,1
6,Robert Downey Jr.,4 kwietnia 1965,"Nowy Jork, Nowy Jork, USA",8.9,130857,"Zdobył 2 nagrody Złoty Glob, 26 innych nagród i 63 nominacje","Iron Man III, Sherlock Holmes, Iron Man, Avengers 3D, Avengers: Koniec gry, Avengers: Wojna bez granic, Sędzia, Kapitan Ameryka: Wojna bohaterów, ","Charles Spencer Chaplin, ","Oppenheimer, Sherlock Holmes 3, The Sympathizer, Doktor Dolittle, All-Star Weekend, Avengers: Koniec gry, Avengers: Wojna bez granic, Spider-Man: Homecoming, Kapitan Ameryka: Wojna bohaterów, Avengers: Czas Ultrona, Sędzia, Szef, Iron Man 3, Avengers, Sherlock Holmes: Gra cieni, Iron Man 2, Zanim odejdą wody, Miłość i brak zaufania, Solista, Sherlock Holmes, Iron Man, Jaja w tropikach, Incredible Hulk, Tropic Thunder: Rain of Madness, Zodiak, ",10,28,63, USA,Nowy Jork,0
7,Tom Hardy,15 września 1977,"Londyn, Anglia, Wielka Brytania",8.8,113734,"Zdobył BAFTA, 3 inne nagrody i 23 nominacje","Mad Max: Na drodze gniewu, Legend, Locke, Bronson, Incepcja, Mroczny Rycerz powstaje, Zjawa, Wojownik, ","Stuart Shorter, Alfie Solomons, James Keziah Delaney, Ronald Kray / Reggie Kray, Tommy Conlon, Freddie, Ivan Locke, John Fitzgerald, ","Mad Max: The Wasteland, Havoc, Venom 2: Carnage, Spider-Man: Bez drogi do domu, Capone, Peaky Blinders, Venom, Tabu, Dunkierka, Mad Max: Na drodze gniewu, System, London Road, Legend, Zjawa, Brudny szmal, Locke, A więc wojna, Gangster, Mroczny Rycerz powstaje, Wojownik, Szpieg, Incepcja, Sergeant Slaughter, My Big Brother, Wichrowe wzgórza, Złodziejski kodeks, ",21,4,23, Wielka Brytania,Londyn,0
8,Al Pacino,25 kwietnia 1940,"Nowy Jork, Nowy Jork, USA",8.9,112710,"Zdobył Oscar, 30 innych nagród i 53 nominacje","Ojciec chrzestny, Ojciec chrzestny II, Zapach kobiety, Człowiek z blizną, Pieskie popołudnie, Donnie Brasco, Serpico, Irlandczyk, ","Podpułkownik Frank Slade, John Milton, Sonny Wortzik, Porucznik Vincent Hanna, Carlito Brigante, Frank Serpico, ","King Lear, Dom Gucci, W pułapce zdrady, Hunters, Irlandczyk, Pewnego razu... w Hollywood, Paterno, Piraci z Somalii, M jak morderca, Pozory prawdy, Idol, Upokorzenie, Manglehorn, Phil Spector, Salomé, We're No Animals, Twardziele, Sprawa zamknięta, Jack i Jill, Jack, jakiego nie znacie, Zawodowcy, 88 minut, Ocean's 13, Podwójna gra, Kupiec wenecki, ",4,31,53, USA,Nowy Jork,1
9,Jake Gyllenhaal,19 grudnia 1980,"Los Angeles, Kalifornia, USA",8.7,109234,"Zdobył BAFTA, 3 inne nagrody i 44 nominacje","Tajemnica Brokeback Mountain, Wolny strzelec, Labirynt, Miłość i inne używki, Donnie Darko, Zodiak, Pojutrze, Książę Persji: Piaski czasu, ","Louis Bloom, Billy Hope, Detektyw David Loki, Jack Twist, Davis, Brian Taylor, Jeff Bauman, Tony Hastings / Edward Sheffield, Tommy Cahill, ","The Interpreter, The Division, Rio, Ambulans, Winni, Velvet Buzzsaw, Spider-Man: Daleko od domu, Kraina wielkiego nieba, Bracia Sisters, Okja, Niezwyciężony, Life, Great Performers: Horror Show, Zwierzęta nocy, Miłość przez przypadek, Everest, Do utraty sił, Destrukcja, Wolny strzelec, Wróg, Labirynt, Bogowie ulicy, Kod nieśmiertelności, Książę Persji: Piaski czasu, Miłość i inne używki, ",25,4,44, USA,Los Angeles,0
10,Meryl Streep,22 czerwca 1949,"Summit, New Jersey, USA",8.2,108018,"Zdobyła 3 nagrody Oscar, 53 inne nagrody i 121 nominacji","Diabeł ubiera się u Prady, Julie i Julia, Żelazna Dama, Wybór Zofii, Sprawa Kramerów, Mamma Mia!, Łowca jeleni, Godziny, ","Miranda Priestly, Violet Weston, Margaret Thatcher, Zofia Zawistowska, Mary Louise Wright, Clarissa Vaughan, Francesca Johnson, Siostra Aloysius Beauvier, Florence Foster Jenkins, Donna, ","Extrapolations, Nie patrz w górę, Bal, Niech gadają, Wielkie kłamstewka, Małe kobietki, Pralnia, Mary Poppins powraca, Mamma Mia! Here We Go Again, Czwarta władza, Boska Florence, Sufrażystka, Nigdy nie jest za późno, Eskorta, Tajemnice lasu, Dawca pamięci, Sierpień w hrabstwie Osage, Dwoje do poprawki, Żelazna Dama, Julie i Julia, To skomplikowane, Wątpliwość, Mamma Mia!, Ciemna materia, Ukryta strategia, ",63,56,121, USA,Summit,1
11,Christian Bale,30 stycznia 1974,"Haverfordwest, Walia, Wielka Brytania",8.8,106826,"Zdobył Oscar, 21 innych nagród i 47 nominacji","Fighter, Mroczny Rycerz, Batman - Początek, Big Short, American Hustle, Vice, Le Mans '66, I'm Not There. Gdzie indziej jestem, ","Trevor Reznik, Dicky Eklund, Dick Cheney, Ken Miles, Jim „Jamie” Graham, Alfred Borden, Kapitan Joseph J. Blocker, Kleryk John Preston, Irving Rosenfeld, ","Thor: Miłość i grom, The Pale Blue Eye, Untitled David O. Russell Project, Le Mans '66, Vice, Hostiles, Przyrzeczenie, Rycerz pucharów, Big Short, Exodus: Bogowie i królowie, Zrodzony w ogniu, American Hustle, Mroczny Rycerz powstaje, Kwiaty wojny, Fighter, Terminator: Ocalenie, Wrogowie publiczni, Mroczny Rycerz, I'm Not There. Gdzie indziej jestem, 3:10 do Yumy, Operacja Świt, Prestiż, Batman - Początek, Podróż do Nowej Ziemi, Ciężkie czasy, ",23,22,47, Wielka Brytania,Haverfordwest,1
12,Morgan Freeman,1 czerwca 1937,"Memphis, Tennessee, USA",8.5,104425,"Zdobył Oscar, 13 innych nagród i 25 nominacji","Za wszelką cenę, Wożąc panią Daisy, Invictus - Niepokonany, Skazani na Shawshank, Siedem, Bruce Wszechmogący, Cwaniak, Robin Hood: Książę złodziei, ","Somerset, Eddie Scrap-Iron Dupris, Carter Chambers, Hoke Colburn, Monte Wildhorn, Nelson Mandela, Willie Davis, Ned Logan, Bóg, ","The Minute You Wake Up Dead, Bodyguard i żona zawodowca, Solówki, Książę w Nowym Jorku 2, Uwikłana, Cwaniaki z Hollywood, Fast Times at Ridgemont High Table Read, Świat w ogniu, Zatruta róża, Dziadek do orzechów i cztery królestwa, W starym, dobrym stylu, To dopiero początek, Londyn w ogniu, Ben-Hur, Iluzja 2, Ostatni rycerze, Ted 2, Momentum, Wish Wizard, Mój przyjaciel delfin 2: Ocalić Mandy, Transcendencja, Lucy, Przeprowadzka, Iluzja, Niepamięć, ",91,14,25, USA,Memphis,1
13,Anthony Hopkins,31 grudnia 1937,"Port Talbot, Walia, Wielka Brytania",8.9,102494,"Zdobył 2 nagrody Oscar, 21 innych nagród i 50 nominacji","Milczenie owiec, Ojciec, Okruchy dnia, Cienista dolina, Amistad, Hannibal, Dwóch papieży, Westworld, ","Anthony, James Stevens, Burt Munro, Jack Lewis, Pułkownik William Ludlow, Tytus Andronikus, ","Arabian Nights, Hemingway & Fuentes, Wirtuoz. Pojedynek zabójców, Zero Contact, Ojciec, Elyse, Dwóch papieży, Now Is Everything, Westworld, Król Lear, Thor: Ragnarok, Transformers: Ostatni Rycerz, Zderzenie, Pozory prawdy, Ukojenie, Porwanie Heinekena, Blackway, Garderobiany, Noe: Wybrany przez Boga, Thor: Mroczny świat, Red 2, Hitchcock, Thor, Rytuał, 360. Połączeni, ",7,23,50, Wielka Brytania,Port Talbot,1
14,Scarlett Johansson,22 listopada 1984,"Nowy Jork, Nowy Jork, USA",8.2,98390,"Zdobyła BAFTA, 14 innych nagród i 90 nominacji","Między słowami, Avengers: Wojna bez granic, Historia małżeńska, Avengers 3D, Vicky Cristina Barcelona, Avengers: Koniec gry, Czarna Wdowa, Kapitan Ameryka: Wojna bohaterów, ","Nicole Barber, Rosie, Charlotte, Nola Rice, Griet, ","Asteroid City, Czarna Wdowa, Avengers: Koniec gry, Jojo Rabbit, Kapitan Marvel, Historia małżeńska, Avengers: Wojna bez granic, Ghost in the Shell, Ostra noc, Ave, Cezar!, Kapitan Ameryka: Wojna bohaterów, Avengers: Czas Ultrona, Kapitan Ameryka: Zimowy Żołnierz, Szef, Lucy, Pod skórą, Don Jon, Avengers, Hitchcock, Kupiliśmy zoo, Iron Man 2, Kobiety pragną bardziej, Kochanice króla, Spirit - Duch Miasta, Vicky Cristina Barcelona, ",52,15,90, USA,Nowy Jork,0
15,Benedict Cumberbatch,19 lipca 1976,"Londyn, Anglia, Wielka Brytania",8.8,95117,"Zdobył Nagroda Filmwebu, 10 innych nagród i 49 nominacji","Sherlock, Hobbit 2: Pustkowie Smauga, Psie pazury, Patrick Melrose, Gra tajemnic, Doktor Strange, Zniewolony. 12 Years a Slave, W ciemność. Star Trek, ","Patrick Melrose, Nekromanta, Alan Turing, Phil Burbank, James, ","Doktor Strange w multiwersum obłędu, Rio, The 39 Steps, Psie pazury, Szalony świat Louisa Waina, Mauretańczyk, Spider-Man: Bez drogi do domu, Gra szpiegów, Brexit, 1917, Avengers: Koniec gry, Between Two Ferns: Film, Avengers: Wojna bez granic, Patrick Melrose, Sherlock, Thor: Ragnarok, Wojna o prąd, Dziecko w czasie, Doktor Strange, Zoolander No. 2, Pakt z diabłem, Gra tajemnic, 9 Kisses, Hobbit: Pustkowie Smauga, W ciemność. Star Trek, ",20,11,49, Wielka Brytania,Londyn,0
16,Helena Bonham Carter,26 maja 1966,"Londyn, Anglia, Wielka Brytania",8.7,91421,"Zdobyła BAFTA, 8 innych nagród i 45 nominacji","Jak zostać królem, The Crown, Nędznicy, Miłość i śmierć w Wenecji, Enid, Sweeney Todd: Demoniczny golibroda z Fleet Street, Alicja w Krainie Czarów, Alicja po drugiej stronie lustra, ","Jane Hatchard, Pani Lovett, Marla Singer, Iracebeth, Księżniczka Małgorzata, ","Enola Holmes 2, Ten Percent, The Cleaner, The Crown, Enola Holmes, Ocean's 8, 55 Kroków, Alicja po drugiej stronie lustra, Codes of Conduct, Listy od Niny, Kopciuszek, Sufrażystka, Worricker - Drugie starcie, Worricker - ostateczna rozgrywka, Harry Potter and the Escape from Gringotts, Jeździec znikąd, Świat według Spiveta, Burton i Taylor, Mroczne cienie, Wielkie nadzieje, Les Misérables: Nędznicy, A Therapy, Harry Potter i Insygnia Śmierci: Część II, Harry Potter i Insygnia Śmierci: Część I, Alicja w Krainie Czarów, ",2,9,45, Wielka Brytania,Londyn,0
17,Gary Oldman,21 marca 1958,"Londyn, Anglia, Wielka Brytania",8.6,91531,"Zdobył Oscar, 11 innych nagród i 34 nominacje","Czas mroku, Dracula, Szpieg, Harry Potter i więzień Azkabanu, Mank, Air Force One, Rosencrantz i Guildenstern nie żyją, Zagubieni w kosmosie, ","Norman Stansfield, Winston Churchill, Sid Vicious, Ludwig van Beethoven, Rosencrantz, Jackie Flannery, Drexl Spivey, George Smiley, ","Flying Horse, Oppenheimer, Kulawe konie, Kobieta w oknie, Crisis, Bodyguard i żona zawodowca, Mank, Anonimowi mordercy, Zabójcza przesyłka, Pralnia, Morze strachu, Ocean ognia, Między nami kosmos, Bodyguard Zawodowiec, Czas mroku, Umysł przestępcy, System, Zmowa, RoboCop, Ewolucja planety małp, Paranoja, Mroczny Rycerz powstaje, Gangster, Harry Potter i Insygnia Śmierci: Część II, Dziewczyna w czerwonej pelerynie, ",42,12,34, Wielka Brytania,Londyn,1
18,Bradley Cooper,5 stycznia 1975,"Filadelfia, Pensylwania, USA",8.3,79160,"Zdobył BAFTA, 12 innych nagród i 75 nominacji","Poradnik pozytywnego myślenia, Narodziny gwiazdy, Snajper, American Hustle, Kac Vegas, Wszystko o Stevenie, Jestem Bogiem, Kac Vegas w Bangkoku, ","Jack, Christopher Scott ""Chris"" Kyle, Eddie Morra, Patrizio ""Pat Jr."" Solitano, Phil Wenneck, Stanton Carlisle, Adam Jones, Jon Peters, Phil Wenneck, Phil Wenneck, ","Atlantic Wall, Maestro, Zaułek koszmarów, Licorice Pizza, Narodziny gwiazdy, Przemytnik, Rekiny wojny, Witamy na Hawajach, Ugotowany, Joy, Wet Hot American Summer: First Day of Camp, Baby, Baby, Baby, Serena, Snajper, Kac Vegas III, American Hustle, Making a Scene, Między wierszami, Drugie oblicze, Poradnik pozytywnego myślenia, Bij i wiej, Kac Vegas w Bangkoku, Jestem Bogiem, Kaylien, Drużyna A, ",132,13,75, USA,Filadelfia,0
19,Jennifer Lawrence,15 sierpnia 1990,"Louisville, Kentucky, USA",8.2,87757,"Zdobyła Oscar, 46 innych nagród i 63 nominacje","American Hustle, Igrzyska śmierci II: W pierścieniu ognia, Igrzyska śmierci: Kosogłos. Część 1, X-Men: Przeszłość, która nadejdzie, Igrzyska śmierci: Kosogłos. Część 2, Joy, Do szpiku kości, Granice miłości, ","Matka, Tiffany Maxwell, Rosalyn Rosenfeld, Dominika Jegorowa, Katniss Everdeen, Ree Dolly, Kate Dibiasky, Katniss Everdeen, Katniss Everdeen, Katniss Everdeen, ","No Hard Feelings, Bad Blood, Mob Girl, Red, White and Water, Nie patrz w górę, X-Men: Mroczna Phoenix, Czerwona jaskółka, mother!, X-Men: Apocalypse, Pasażerowie, Igrzyska śmierci: Kosogłos. Część 2, Joy, X-Men: Przeszłość, która nadejdzie, Serena, Igrzyska śmierci: Kosogłos. Część 1, The Devil You Know, Igrzyska śmierci: W pierścieniu ognia, American Hustle, Igrzyska śmierci, Dom na końcu ulicy, Poradnik pozytywnego myślenia, Podwójne życie, X-Men: Pierwsza klasa, Do szaleństwa, Do szpiku kości, ",49,47,63, USA,Louisville,1
20,Woody Harrelson,23 lipca 1961,"Midland, Teksas, USA",8.4,87649,"Zdobył Emmy, 7 innych nagród i 39 nominacji","To nie jest kraj dla starych ludzi, Trzy billboardy za Ebbing, Missouri, Cienka czerwona linia, Niemoralna propozycja, W imieniu armii, Detektyw, Igrzyska śmierci, Urodzeni mordercy, ","Mickey Knox, Rex, Larry Flynt, Wilson, Pan Bruner, Willoughby, Haymitch Abernathy, Tallahassee, Haymitch Abernathy, ","The Man from Toronto, Venom 2: Carnage, Kate, Zombieland: Kulki w łeb, The Highwaymen, Midway, Han Solo: Gwiezdne wojny - historie, Venom, Szklany zamek, Wojna o planetę małp, Wilson, Trzy billboardy za Ebbing, Missouri, Fałszywe powody, Lost in London, Psy mafii, Iluzja 2, Pojedynek, LBJ, Gorzka siedemnastka, Igrzyska śmierci: Kosogłos. Część 2, Detektyw, Igrzyska śmierci: Kosogłos. Część 1, Iluzja, Zrodzony w ogniu, Igrzyska śmierci: W pierścieniu ognia, ",116,8,39, USA,Midland,0
21,Natalie Portman,9 czerwca 1981,"Jerozolima, Izrael",8.5,87045,"Zdobyła Oscar, 17 innych nagród i 51 nominacji","Czarny łabędź, W jak wendeta, Gwiezdne wojny: Część II - Atak klonów, Jackie, Bliżej, Gwiezdne wojny: Część I - Mroczne widmo, Gwiezdne wojny III - Zemsta Sithów, Powrót do Garden State, ","Nina Sayers, Matylda, Jackie Kennedy, Celeste, Alice, Fania, Laura Barlow, Inés / Alicia, Evey Hammond, Lena, ","We Are All Completely Beside Ourselves, Thor: Miłość i grom, The Days of Abandonment, Lucy wśród gwiazd, Avengers: Koniec gry, Anihilacja, The Death and Life of John F. Donovan, Vox Lux, Song to Song, Jackie, Planetarium, Rycerz pucharów, Niepokonana Jane, Opowieść o miłości i mroku, The Heyday of the Insensitive Bastards, Thor: Mroczny świat, Wasza wysokość, Thor, Sex Story, Hesher, Czarny łabędź, Bracia, Miłość i inne komplikacje, Kochanice króla, Zakochany Nowy Jork, ",12,18,51, Izrael,Jerozolima,1
22,Edward Norton,18 sierpnia 1969,"Boston, Massachusetts, USA",8.8,85248,"Zdobył Złoty Glob, 11 innych nagród i 32 nominacje","Lęk pierwotny, Birdman czyli (Nieoczekiwane pożytki z niewiedzy), Więzień nienawiści, Skandalista Larry Flynt, Wszyscy mówią: kocham cię, Osierocony Brooklyn, Podziemny krąg, Grand Budapest Hotel, ","Aaron Stampler / Roy, Derek Vinyard, Jack / Brian, Mike, Walter Fane, Lionel Essrog, Monty Brogan, Eisenheim, Will Graham, ","Extrapolations, Kurier Francuski z Liberty, Kansas Evening Sun, Osierocony Brooklyn, Alita: Battle Angel, Ukryte piękno, Grand Budapest Hotel, Birdman, Kochankowie z Księżyca. Moonrise Kingdom, Dziedzictwo Bourne'a, Stone, Co w trawce piszczy?, Było sobie kłamstwo, W cieniu chwały, Incredible Hulk, Iluzjonista, Malowany welon, Dolina iluzji, Królestwo niebieskie, Włoska robota, Frida, Czerwony smok, Smoochy, 25. godzina, Rozgrywka, Zakazany owoc, ",17,12,32, USA,Boston,0
23,Joaquin Phoenix,28 października 1974,"San Juan, Portoryko",9.2,85709,"Zdobył Oscar, 13 innych nagród i 48 nominacji","Gladiator, Joker, Mistrz, Nigdy cię tu nie było, Spacer po linie, Wada ukryta, Zatrute pióro, Ona, ","Freddie Quell, Johnny, Kommodus, Johnny Cash, Theodore Twombly, John Callahan, Joe, Larry ""Doc"" Sportello, Charlie Sisters, ","Kitbag, Disappointment Blvd., C'mon C'mon, Far Bright Star, Joker, Maria Magdalena, Bracia Sisters, Bez obaw, daleko nie zajdzie, Lou, Nigdy cię tu nie było, Nieracjonalny mężczyzna, Wada ukryta, Ona, Imigrantka, Mistrz, Kochankowie, Królowie nocy, Droga do przebaczenia, Spacer po linie, Płonąca pułapka, Osada, Hotel Ruanda, Wszystko dla miłości, Znaki, Buffalo Soldiers, ",1,14,48, Portoryko,San Juan,1
24,Clint Eastwood,31 maja 1930,"San Francisco, Kalifornia, USA",8.9,65328,"Zdobył 4 nagrody Oscar, 32 inne nagrody i 69 nominacji","Gran Torino, Bez przebaczenia, Snajper, Brudny Harry, Co się wydarzyło w Madison County, Nagłe zderzenie, Krwawa profesja, Kosmiczni kowboje, ","Bezimienny rewolwerowiec ""Blondas"", Bezimienny rewolwerowiec, William ""Bill"" Munny, Bezimienny rewolwerowiec, Frankie Dunn, Josey Wales, Nieznajomy, ","Cry Macho, Przemytnik, Snajper, Dopóki piłka w grze, Gran Torino, Za wszelką cenę, Krwawa profesja, Kosmiczni kowboje, Prawdziwa zbrodnia, Władza absolutna, Co się wydarzyło w Madison County, Doskonały świat, Na linii ognia, Bez przebaczenia, Biały myśliwy, czarne serce, Żółtodziób, Różowy cadillac, Pula śmierci, Wzgórze Rozdartych Serc, Niesamowity jeździec, Gorący towar, Lina, Nagłe zderzenie, Firefox, Droga do Nashville, ",6,36,69, USA,San Francisco,1
25,Matthew McConaughey,4 listopada 1969,"Uvalde, Teksas, USA",8.7,81891,"Zdobył Oscar, 15 innych nagród i 26 nominacji","Witaj w klubie, Magic Mike, Detektyw, Czas zabijania, Uciekinier, Bernie, Zabójczy Joe, Interstellar, ","Ron Woodroof, Kenny Wells, Cooper, Jake Tyler Brigance, Moondog, Mark Hanna, Mick Haller, Mickey Pearson, Zabójca Joe Cooper, ","Fast Times at Ridgemont High Table Read, Przynęta, Plażowy haj, Dżentelmeni, Between Two Ferns: Film, Kokainowy Rick, Mroczna wieża, Gold, Rebeliant, Morze drzew, Detektyw, Interstellar, Witaj w klubie, Wilk z Wall Street, Synthesizers, Pokusa, Magic Mike, Uciekinier, Prawnik z Lincolna, Zabójczy Joe, Bernie, Duchy moich byłych, Nie wszystko złoto, co się świeci, Surfer, Jaja w tropikach, ",28,16,26, USA,Uvalde,1
26,Harrison Ford,13 lipca 1942,"Chicago, Illinois, USA",8.6,81814,"Zdobył 2 nagrody Saturn, 4 inne nagrody i 19 nominacji","Gwiezdne wojny IV - Nowa nadzieja, Indiana Jones: Poszukiwacze zaginionej Arki, Gwiezdne wojny: Przebudzenie Mocy, Ścigany, Indiana Jones i Królestwo Kryształowej Czaszki, Indiana Jones i ostatnia krucjata, Blade Runner 2049, Indiana Jones i Świątynia Zagłady, ","Dr Richard Kimble, Doktor Richard Walker, William Jones, ","Untitled Indiana Jones Project, Zew krwi, Gwiezdne wojny: Skywalker. Odrodzenie, Blade Runner 2049, Gwiezdne wojny: Przebudzenie Mocy, Wiek Adaline, Niezniszczalni 3, Gra Endera, 42 – Prawdziwa historia amerykańskiej legendy, Paranoja, Legenda telewizji 2: Kontynuacja, Kowboje i obcy, Środki nadzwyczajne, Dzień dobry TV, Ścigani, Indiana Jones i Królestwo Kryształowej Czaszki, Firewall, Water to Wine, Wydział zabójstw, Hollywood, K-19, Co kryje prawda, Zagubione serca, Sześć dni, siedem nocy, Air Force One, Zdrada, ",55,6,19, USA,Chicago,0
27,Alan Rickman,21 lutego 1946,"Londyn, Anglia, Wielka Brytania",8.9,79327,"Zdobył Złoty Glob, 8 innych nagród i 15 nominacji","Szklana pułapka, Robin Hood: Książę złodziei, Rasputin, Zimowy gość, Harry Potter i Insygnia Śmierci, cz.2, Sweeney Todd: Demoniczny golibroda z Fleet Street, Rozważna i romantyczna, Kamerdyner, ","Pułkownik Christopher Brandon, ","Niewidzialny wróg, Odrobina chaosu, Kamerdyner, CBGB, Dust, Na zawsze twoja, Gambit, czyli jak ograć króla, Harry Potter i Insygnia Śmierci: Część II, Harry Potter i Insygnia Śmierci: Część I, The Song of Lunch, Harry Potter i Książę Półkrwi, Wino na medal, Harry Potter i Zakon Feniksa, Porwany, Sweeney Todd: Demoniczny golibroda z Fleet Street, Śniegowe ciastko, Pachnidło: Historia mordercy, Harry Potter i Czara Ognia, Harry Potter i więzień Azkabanu, W rękach Boga, To właśnie miłość, Harry Potter i Komnata Tajemnic, Harry Potter i Kamień Filozoficzny, Dwa w jednym, The Search for John Gissing, ",5,9,15, Wielka Brytania,Londyn,0
28,Cate Blanchett,14 maja 1969,"Melbourne, Australia",8.5,79085,"Zdobyła 2 nagrody Oscar, 43 inne nagrody i 74 nominacje","Blue Jasmine, Władca Pierścieni: Drużyna Pierścienia, Aviator, Władca Pierścieni: Powrót króla, Elżbieta, Babel, I'm Not There. Gdzie indziej jestem, Carol, ","Bob Dylan / Jude, Jasmine, Elżbieta I, Elżbieta I, Mary Mapes, Phyllis Schlafly, Sheba Hart, Bernadette, Dr Lilith Ritter, ","Disclaimer, Brideshead Revisited, Zaułek koszmarów, Armageddon Time, Nie patrz w górę, Bezpaństwowcy, Mrs. America, Gdzie jesteś, Bernadette?, Ocean's 8, Zegar czarnoksiężnika, Uncanny Valley, Song to Song, Thor: Ragnarok, Red, Rycerz pucharów, Carol, Kopciuszek, Niewygodna prawda, Manifesto, Hobbit: Bitwa Pięciu Armii, Obrońcy skarbów, Hobbit: Pustkowie Smauga, Blue Jasmine, The Turning, Making a Scene, ",13,45,74, Australia,Melbourne,1
29,Will Smith,25 września 1968,"Filadelfia, Pensylwania, USA",8.3,78292,"Zdobył Oscar, 25 innych nagród i 68 nominacji","Jestem legendą, W pogoni za szczęściem, Faceci w czerni, Hitch: Najlepszy doradca przeciętnego faceta, Hancock, Dzień Niepodległości, King Richard: Zwycięska rodzina, 1000 lat po Ziemi, ","Chris Gardner, Ben Thomas, Robert Neville, Dr Bennet Omalu, Mike Lowrey, Mike Lowrey, Howard, James Darrel Edwards III / Agent J, Richard Williams, ","I Am Legend 2, Hancock 2, Colossus, The American Can, Emancipation, Fast & Loose, King Richard: Zwycięska rodzina, Bad Boys for Life, The City That Sailed, Aladyn, Bliźniak, Student of the Year 2, Bright, Legion samobójców, Ukryte piękno, Focus, Wstrząs, Zimowa opowieść, 1000 lat po Ziemi, Legenda telewizji 2: Kontynuacja, Faceci w czerni 3, Hancock, Siedem dusz, Jestem legendą, W pogoni za szczęściem, ",133,26,68, USA,Filadelfia,1
30,Bruce Willis,19 marca 1955,"Idar-Oberstein, RFN , (obecnie Niemcy)",8.0,77853,"Zdobył Złoty Glob, 5 innych nagród i 21 nominacji","Armageddon, Na wariackich papierach, Kod Merkury, Stan oblężenia, Szósty zmysł, Hudson Hawk, Kochankowie z Księżyca. Moonrise Kingdom, 12 małp, ","Malcolm Crowe, James Cole, Korben Dallas, Joe Hallenbeck, David Addison Jr / Niemowlak Hayes / Pertrucio, ","McClane, Corrective Measures, Gasoline Alley, Soul Assassin, A Day to Die, Fortress: Sniper's Eye, White Elephant, Kosmiczny grzech, Po śladach mordercy, Poza prawem, Survive the Game, Apex, Fortress, Deadlock, Odsiecz, Przetrwać do świtu, Plan ocalenia, Arka przetrwania, Glass, Osierocony Brooklyn, 10 minut, Trauma Center, Between Two Ferns: Film, Niezłomny duch, Życzenie śmierci, ",286,6,21, (obecnie Niemcy),Idar-Oberstein,0
31,Chris Evans,13 czerwca 1981,"Boston, Massachusetts, USA",8.4,77558,"Zdobył Kryształowa Statuetka, 4 inne nagrody i 38 nominacji","Kapitan Ameryka: Wojna bohaterów, Avengers 3D, Avengers: Czas Ultrona, Kapitan Ameryka: Zimowy Żołnierz, Avengers: Koniec gry, Kapitan Ameryka: Pierwsze starcie, Avengers: Wojna bez granic, Na noże, ","Bryce, Mike Weiss, Jimmy, Nick Vaughan, Syd, Frank Adler, Colin Shea, Ja, ","Jekyll, Szary człowiek, Nie patrz w górę, Free Guy, W obronie syna, Avengers: Koniec gry, Operacja Bracia, Na noże, Kapitan Marvel, Avengers: Wojna bez granic, Obdarowani, Spider-Man: Homecoming, Kapitan Ameryka: Wojna bohaterów, Avengers: Czas Ultrona, Ant-Man, Kapitan Ameryka: Zimowy Żołnierz, Rozegraj to na luzie, Zanim się rozstaniemy, Snowpiercer: Arka przyszłości, Thor: Mroczny świat, Avengers, Iceman: Historia mordercy, Ilu miałaś facetów?, Captain America: Pierwsze starcie, Wkłucie, ",109,5,38, USA,Boston,0
32,Matt Damon,8 października 1970,"Cambridge, Massachusetts, USA",8.1,76764,"Zdobył Oscar, 8 innych nagród i 65 nominacji","Marsjanin, Szeregowiec Ryan, Infiltracja, Utalentowany pan Ripley, Krucjata Bourne'a, Ultimatum Bourne'a, Ocean's Eleven: Ryzykowna gra, Eurotrip, ","Will Hunting, Tom Ripley, Carroll Shelby, Mark Watney, Colin Sullivan, Scott Thorson, Mike McDermott, ","Oppenheimer, Thor: Miłość i grom, Ostatni pojedynek, Stillwater, Bez gwałtownych ruchów, Le Mans '66, Jay i Cichy Bob powracają, Deadpool 2, Niepoczytalna, Pomniejszenie, Suburbicon, Thor: Ragnarok, Jason Bourne, Wielki Mur, Marsjanin, Obrońcy skarbów, Interstellar, Elizjum, Wielki Liberace, Teoria wszystkiego, Promised Land, Margaret, Władcy umysłów, Contagion - Epidemia strachu, Kupiliśmy zoo, ",236,9,65, USA,Cambridge,1
33,Kevin Spacey,26 lipca 1959,"South Orange, New Jersey, USA",8.8,74540,"Zdobył 2 nagrody Oscar, 17 innych nagród i 40 nominacji","Siedem, Podejrzani, House of Cards, Tajemnice Los Angeles, Epidemia, Chciwość, Wśród rekinów, K-PAX, ","Prot, Dr David Gale, Jack Vincennes, Chris Sabian, Eugene Simonet, Sam Rogers, ","Gore, Klub miliarderów, House of Cards, Baby Driver, Zbuntowany w zbożu, Wszystkie pieniądze świata, Elvis & Nixon, Jak zostać kotem, Szefowie wrogowie 2, NOW: In the Wings on a World Stage, Spirit of a Denture, The Ventriloquist, Envelope, Nierozłączni, Chciwość, Szefowie wrogowie, The Organ Grinder's Monkey, My Least Favorite Career, W krainie pieniądza, Father of Invention, Człowiek, który gapił się na kozy, Całe życie z wariatami, 21, Telstar: The Joe Meek Story, Decydujący głos, ",14,19,40, USA,South Orange,1
34,Jack Nicholson,22 kwietnia 1937,"Neptune, New Jersey, USA",9.0,74621,"Zdobył 3 nagrody Oscar, 45 innych nagród i 42 nominacje","Lepiej być nie może, Lśnienie, Infiltracja, Chinatown, Czułe słówka, Batman, Czarownice z Eastwick, Swobodny jeździec, ","Melvin Udall, J. J. 'Jake' Gittes, Płk. Nathan R. Jessup, Frank Costello, Francis Phelan, Daryl Van Horne, Garrett Breedlove, ","Skąd wiesz?, Choć goni nas czas, Infiltracja, Dwóch gniewnych ludzi, Lepiej późno niż później, Schmidt, Obietnica, Lepiej być nie może, Czułe słówka: Ciąg dalszy, Krew i wino, Marsjanie atakują!, Obsesja, Wilk, Kłopoty z facetami, Hoffa, Ludzie honoru, Dwóch Jake'ów, Batman, Czarownice z Eastwick, Chwasty, Telepasja, Zgaga, Honor Prizzich, Czułe słówka, Na granicy, ",2,48,42, USA,Neptune,1
35,Ralph Fiennes,22 grudnia 1962,"Ipswich, Anglia, Wielka Brytania",8.6,72497,"Zdobył BAFTA, 8 innych nagród i 43 nominacje","The Hurt Locker. W pułapce wojny, Wierny ogrodnik, Kropla słońca, Grand Budapest Hotel, Harry Potter i Insygnia Śmierci, cz.2, Angielski pacjent, Harry Potter i Czara Ognia, Księżna, ","Amon Goeth, Pan Gustave H., Ignatz Sonnenschein / Adam Sors / Ivan Sors, Heathcliff, Dennis ""Pająk"" Cleg, Francis Dolarhyde, Hrabia László de Almásy, ","The Menu, Brideshead Revisited, The Return, Nie czas umierać, King's Man: Pierwsza misja, Wykopaliska, The Forgiven, Brudna gra, Holmes i Watson, Biały kruk, Coronet, Ave, Cezar!, Spectre, Nienasyceni, Dwie kobiety, Grand Budapest Hotel, Worricker - Drugie starcie, Worricker - ostateczna rozgrywka, Harry Potter and the Escape from Gringotts, Kobieta w ukryciu, Gniew tytanów, Wielkie nadzieje, Skyfall, Koriolan, Harry Potter i Insygnia Śmierci: Część II, ",47,9,43, Wielka Brytania,Ipswich,0
36,Ryan Reynolds,23 października 1976,"Vancouver, Kanada",8.4,71685,"Zdobył Nagroda Filmwebu, 7 innych nagród i 33 nominacje","Deadpool, Amityville, Zielona Latarnia, Free Guy, Narzeczony mimo woli, Był sobie Deadpool, X-Men Geneza: Wolverine, Pogrzebany, ","Guy, Michael Bryce, Andrew Paxton, Paul Conroy, Jerry, George Lutz, Will Hayes, ","Deadpool 3, Projekt Adam, Czerwona nota, Free Guy, Bodyguard i żona zawodowca, Pokémon Detektyw Pikachu, 6 Underground, Szybcy i wściekli: Hobbs i Shaw, Deadpool 2, Life, Bodyguard Zawodowiec, Deadpool: No Good Deed, Life: Astronaut Diaries, Deadpool, Umysł przestępcy, Klucz do wieczności, Urodzeni zwycięzcy, Złota dama, Pojmani, Głosy, Milion sposobów, jak zginąć na Zachodzie, R.I.P.D. Agenci z zaświatów, Safe House, Ted, Green Lantern, ",108,8,33, Kanada,Vancouver,0
37,Margot Robbie,2 lipca 1990,"Gold Coast, Australia",8.6,72289,"Zdobyła Kryształowa Statuetka, 7 innych nagród i 41 nominacji","Legion samobójców, Jestem najlepsza. Ja, Tonya, Ptaki Nocy (i fantastyczna emancypacja pewnej Harley Quinn), Gorący temat, Pewnego razu... w Hollywood, Wilk z Wall Street, Focus, Maria, królowa Szkotów, ","Tonya Harding, Naomi Lapaglia, Jess, Królowa Elżbieta I, Kayla Pospisil, Margot Robbie, Laura Cameron, ","Ruin, Barbie, Gotham City Sirens, Asteroid City, Untitled David O. Russell Project, Babylon, Legion samobójców: The Suicide Squad, Ptaki Nocy (i fantastyczna emancypacja pewnej Harley Quinn), Pewnego razu... w Hollywood, Wyśniony świat, Gorący temat, Terminal, Maria, królowa Szkotów, Rzeźnia, Żegnaj Christopher Robin, Jestem najlepsza. Ja, Tonya, Tarzan: Legenda, Legion samobójców, Whiskey Tango Foxtrot, Z jak Zachariasz, Focus, Big Short, Francuska suita, Czas na miłość, Wilk z Wall Street, ",5,8,41, Australia,Gold Coast,0
38,Hugh Jackman,12 października 1968,"Sydney, Australia",8.6,71816,"Zdobył Złoty Glob, 4 inne nagrody i 44 nominacje","Logan: Wolverine, Nędznicy, X-Men Geneza: Wolverine, X-Men, Labirynt, Prestiż, Wolverine 3D, X-Men: Przeszłość, która nadejdzie, ","Jean Valjean, Keller Dover, P.T. Barnum, Robert Angier, ","Enzo Ferrari, Reminiscencja, Zła edukacja, Deadpool 2, Pewny kandydat. Jak nie zostać prezydentem, Król rozrywki, Logan: Wolverine, Eddie zwany Orłem, X-Men: Apocalypse, Chappie, Piotruś. Wyprawa do Nibylandii, Earl i ja, i umierająca dziewczyna, X-Men: Przeszłość, która nadejdzie, Noc w muzeum: Tajemnica grobowca, Wolverine, Labirynt, Movie 43, Les Misérables: Nędznicy, Snow Flower and the Secret Fan, Giganci ze stali, Jak po maśle, X-Men: Pierwsza klasa, X-Men Geneza: Wolverine, Australia, Uwiedziony, ",43,5,44, Australia,Sydney,0
39,Cezary Pazura,13 czerwca 1962,"Tomaszów Mazowiecki, Polska",8.0,64592,"Zdobył Złota Kaczka, 5 innych nagród i 9 nominacji","Tato, Weekend, Kroll, Show, Diablo. Wyścig o wszystko, Sztos, Ajlawju, Sztos 2, ","Fred, Podporucznik Waldemar Morawiec ""Nowy"", Kapral Edward Wiaderny, Podporucznik Waldemar Morawiec ""Nowy"", Posterunkowy Cezary Cezary, Cezary Kujawski, działacz Stowarzyszenia Obrony Praw Ojca, Czarnecki ""Synek"", ","Tajemnica zawodowa, Fuks 2, Nie cudzołóż i nie kradnij, Lepsza połowa, Sexify, Druga połowa, Kryptonim Polska, Psy 3. W imię zasad, W głębi lasu, Gorzko, gorzko!, Listy do M. 4, Moja cudowna Wanda, Diablo. Wyścig o wszystko, Kurier, Żmijowisko, Futro z misia, Pitbull. Ostatni pies, Ślepnąc od świateł, Trzecia połowa, 7 uczuć, Gdyby zachłanność była człowiekiem..., Pierwszy dzień lata, Dwie korony, Volta, Tabliczka mnożenia, ",323,6,9, Polska,Tomaszów Mazowiecki,0
40,Ryan Gosling,12 listopada 1980,"London, Kanada",8.2,72072,"Zdobył Złoty Glob, 10 innych nagród i 54 nominacje","Drive, La La Land, Nice Guys. Równi goście, Szkolny chwyt, Miłość Larsa, Kocha, lubi, szanuje, Blue Valentine, Blade Runner 2049, ","Noah, Lars Lindstrom, Kierowca, Jacob Palmer, Dean, Danny Balint, Oficer K, Holland March, Sebastian, Luke, ","Barbie, Szary człowiek, Pierwszy człowiek, Song to Song, Blade Runner 2049, Nice Guys. Równi goście, La La Land, Big Short, Gangster Squad. Pogromcy mafii, Tylko Bóg wybacza, Drugie oblicze, Kocha, lubi, szanuje, Drive, Idy marcowe, Wszystko, co dobre, Blue Valentine, Słaby punkt, Miłość Larsa, Szkolny chwyt, Zostań, Pamiętnik, Odmienne stany moralności, Śmiertelna wyliczanka, The Slaughter Rule, Fanatyk, ",176,11,54, Kanada,London,0
41,Keanu Reeves,2 września 1964,"Bejrut, Liban",8.2,71423,"Zdobył Teen Choice, 4 inne nagrody i 24 nominacje","Matrix, Speed: Niebezpieczna szybkość, Dom nad jeziorem, Na fali, Matrix Reaktywacja, John Wick 3, Matrix Rewolucje, Słodki listopad, ","John Wick, Keanu Reeves, Kevin Lomax, John Wick, John Wick, Scott Favor, ","Rain, John Wick: Chapter 4, BRZRKR, Matrix Zmartwychwstania, Bill i Ted ratują wszechświat, John Wick 3, Chyba na pewno ty, Between Two Ferns: Film, Replikanci, Syberia, Weselne przeznaczenie, John Wick 2, Aż do kości, Wielkie wydarzenie, W imię prawdy, Neon Demon, Outsiderka, Objawienie, Kto tam?, John Wick, 47 roninów, Człowiek Tai Chi, Generacja hmm, Skok Henry'ego, Prywatne życie Pippy Lee, ",213,5,24, Liban,Bejrut,0
42,Emma Stone,6 listopada 1988,"Scottsdale, Arizona, USA",8.3,70778,"Zdobyła Oscar, 16 innych nagród i 60 nominacji","La La Land, Służące, Birdman czyli (Nieoczekiwane pożytki z niewiedzy), Łatwa dziewczyna, Kocha, lubi, szanuje, Niesamowity Spider-Man 2, Faworyta, Niesamowity Spider-Man, ","Abigail, Annie Landsberg, Olive Penderghast, Eugenia ""Skeeter"" Phelan, Mia, Hannah, Abby, Sam, ","Poor Things, Cruella, The Curse, Zombieland: Kulki w łeb, Faworyta, Maniac, Wojna płci, La La Land, Gwiazdorskie życie, Witamy na Hawajach, Nieracjonalny mężczyzna, Niesamowity Spider-Man 2, Birdman, Magia w blasku księżyca, Wywiad ze słońcem narodu, Gangster Squad. Pogromcy mafii, Movie 43, Niesamowity Spider-Man, Służące, Kocha, lubi, szanuje, To tylko seks, Łatwa dziewczyna, Duchy moich byłych, Papierowy bohater, Zombieland, ",36,17,60, USA,Scottsdale,1
43,Jason Statham,26 lipca 1967,"Shirebrook, Anglia, Wielka Brytania",8.4,70553,,"Agentka, Szybcy i wściekli 7, Szybcy i wściekli 8, Przekręt, Transporter, Adrenalina, Szybcy i wściekli 6, Niezniszczalni, ","Frank Martin, Rick Ford, Frank Martin, Arthur Bishop, Frank Martin, Chev Chelios, Phil Broker, Lee Christmas, ","The Expendables 4, Gra fortuny, Jeden gniewny człowiek, Szybcy i wściekli 9, Szybcy i wściekli: Hobbs i Shaw, The Meg, Szybcy i wściekli 8, Mechanik: Konfrontacja, Joker, Szybcy i wściekli 7, Agentka, Niezniszczalni 3, Parker, Koliber, W obronie własnej, Szybcy i wściekli 6, Protektor, Niezniszczalni 2, Mechanik: Prawo zemsty, Blitz, Elita zabójców, Niezniszczalni, 13, Adrenalina 2. Pod napięciem, Angielska robota, ",122,,, Wielka Brytania,Shirebrook,0
44,Liam Neeson,7 czerwca 1952,"Ballymena, Irlandia Północna, Wielka Brytania",8.2,67611,"Zdobył IFTA, 3 inne nagrody i 19 nominacji","Lista Schindlera, Kinsey, Michael Collins, Gwiezdne wojny: Część I - Mroczne widmo, Batman - Początek, Non-Stop, Gniew tytanów 3D, Battleship: Bitwa o Ziemię, ","Oskar Schindler, Michael Collins, Jean Valjean, Robert Roy MacGregor, Dr Martin Harris, Bill Marks, Ottway, ","Demaskator, Memory, Marlowe, The Marksman, Lodowy szlak, Uczciwy złodziej, Włoskie wakacje, Przykładny obywatel, Men in Black: International, Zwyczajna miłość, Pasażer, Wdowy, Ballada o Busterze Scruggsie, Tajne źródło, Co wiecie o swoich dziadkach?, Red Nose Day Actually, Milczenie, Operacja Chromit: Bitwa o Inczon, Nocny pościg, Ted 2, Ekipa, Non-Stop, Krocząc wśród cieni, Milion sposobów, jak zginąć na Zachodzie, Uprowadzona 3, ",216,4,19, Wielka Brytania,Ballymena,0
45,Tom Cruise,3 lipca 1962,"Syracuse, Nowy Jork, USA",8.1,68852,"Zdobył 3 nagrody Złoty Glob, 9 innych nagród i 52 nominacje","Wywiad z wampirem, Jerry Maguire, Magnolia, Vanilla Sky, Top Gun, Mission: Impossible 2, Mumia, Urodzony 4 lipca, ","Ron Kovic, Lestat de Lioncourt, Kapitan Nathan Algren, Frank T.J. Mackey, Por. Daniel Kaffee, Porucznik Pete ""Maverick"" Mitchell, Vincent, Jerry Maguire, Charlie Babbitt, Les Grossman, ","Mission: Impossible - Dead Reckoning Part Two, Mission: Impossible 7 - Dead Reckoning Part 1, Top Gun: Maverick, Luna Park, Mission: Impossible - Fallout, Barry Seal: Król przemytu, Mumia, Jack Reacher: Nigdy nie wracaj, Mission: Impossible - Rogue Nation, Na skraju jutra, Niepamięć, Rock of Ages, Jack Reacher: Jednym strzałem, Mission: Impossible - Ghost Protocol, Wybuchowa para, Walkiria, Jaja w tropikach, Ukryta strategia, Mission: Impossible III, Wojna światów, Zakładnik, Ostatni samuraj, Raport mniejszości, Vanilla Sky, Mission: Impossible 2, ",254,12,52, USA,Syracuse,0
46,Jude Law,29 grudnia 1972,"Londyn, Anglia, Wielka Brytania",8.4,67522,"Zdobył BAFTA, 1 inna nagroda i 28 nominacji","Utalentowany pan Ripley, Młody papież, A.I. Sztuczna inteligencja, Sherlock Holmes, Wzgórze nadziei, Grand Budapest Hotel, Wróg u bram, Aviator, ","Milo Tindle, Dom Hemingway, Dickie Greenleaf, Wasilij Zajcew, Thomas Wolfe, Sam, ","Sherlock Holmes 3, Fantastyczne zwierzęta: Tajemnice Dumbledore'a, Lee, Nowy papież, Sekcja rytmiczna, Gniazdo, Dzień trzeci, W deszczowy dzień w Nowym Jorku, Kapitan Marvel, Skywatch, Vox Lux, Fantastyczne zwierzęta: Zbrodnie Grindelwalda, Król Artur: Legenda miecza, Geniusz, Młody papież, The Roof, Agentka, The Vote, Grand Budapest Hotel, Morze Czarne, Panaceum, Dom Hemingway, Connection, Anna Karenina, Contagion - Epidemia strachu, ",118,2,28, Wielka Brytania,Londyn,0
47,Chris Hemsworth,11 sierpnia 1983,"Melbourne, Australia",8.4,68122,"Zdobył 2 nagrody Nagroda Filmwebu, 6 innych nagród i 37 nominacji","Avengers 3D, Avengers: Czas Ultrona, Avengers: Wojna bez granic, Thor: Ragnarok, Wyścig, Królewna Śnieżka i Łowca, Tyler Rake: Ocalenie, Ghostbusters. Pogromcy duchów, ","James Hunt, Tyler Rake, ","Furiosa, Thor: Miłość i grom, Extraction 2, Pajęcza Głowa, Down Under Cover, Tyler Rake: Ocalenie, Avengers: Koniec gry, Men in Black: International, Jay i Cichy Bob powracają, Avengers: Wojna bez granic, Dwunastu odważnych, Źle się dzieje w El Royale, Thor: Ragnarok, Team Thor: Part 2, Łowca i Królowa Lodu, Ghostbusters. Pogromcy duchów, Doktor Strange, Team Thor, W samym sercu morza, Haker, Avengers: Czas Ultrona, W nowym zwierciadle: Wakacje, Thor: Mroczny świat, Wyścig, W ciemność. Star Trek, ",124,8,37, Australia,Melbourne,0
48,Sylvester Stallone,6 lipca 1946,"Nowy Jork, Nowy Jork, USA",8.2,59905,"Zdobył Złoty Glob, 16 innych nagród i 38 nominacji","Rocky, Creed: Narodziny legendy, Rocky 4, Rambo 2, Rambo III, Tango i Cash, Mali Agenci 3D: Trójwymiarowy odjazd, Cobra, ","Frank Leone, ","Samaritan, Scarpa, Tough as They Come, Rambo: Ostatnia krew, Escape Plan: The Extractors, Creed II, Plan ucieczki 2: Hades, Po własnych śladach, The Conners, Strażnicy Galaktyki vol. 2, Creed: Narodziny legendy, Motywacja, Niezniszczalni 3, Plan ucieczki, Legendy ringu, Niezniszczalni 2, Kula w łeb, Niezniszczalni, John Rambo, Rocky Balboa, Pokerzyści, Taxi 3, Mali Agenci 3D: Trójwymiarowy odjazd, Detoks, Słodka zemsta, ",200,17,38, USA,Nowy Jork,0
49,Amy Adams,20 sierpnia 1974,"Vicenza, Włochy",8.2,66462,"Zdobyła 2 nagrody Złoty Glob, 15 innych nagród i 82 nominacje","American Hustle, Nowy początek, Mistrz, Ostre przedmioty, Wielkie oczy, Zaczarowana, Świetlik, Fighter, ","Bev, Camille Preaker, Sydney Prosser, Delysia Lafosse, Louise Banks, Siostra James, Anna Fox, Rose Lorkowski, Peggy Dodd, Giselle, ","Disenchanted, Kobieta w oknie, Nightbitch, Kings of America, Liga Sprawiedliwości Zacka Snydera, Drogi Evanie Hansenie, Elegia dla bidoków, Ostre przedmioty, Vice, Liga Sprawiedliwości, Batman v Superman: Świt sprawiedliwości, Nowy początek, Zwierzęta nocy, Kołysanka, Wielkie oczy, Człowiek ze stali, Ona, American Hustle, W drodze, Mistrz, Dopóki piłka w grze, Muppety, Oświadczyny po irlandzku, Fighter, Miłość i brak zaufania, ",61,17,82, Włochy,Vicenza,0
50,Mark Ruffalo,22 listopada 1967,"Kenosha, Wisconsin, USA",8.1,66383,"Zdobył Złoty Glob, 9 innych nagród i 51 nominacji","Spotlight, Avengers 3D, Foxcatcher, Wszystko w porządku, Odruch serca, To wiem na pewno, Wyspa tajemnic, Możesz na mnie liczyć, ","Dominick Birdsey / Thomas Birdsey, Ned Weeks, Cameron Stuart, Dan Mulligan, Mike Rezendes, Robert Bilott, Chuck Aule, Dylan Rhodes, ","She-Hulk, Poor Things, Newsflash, Projekt Adam, Shang-Chi i legenda dziesięciu pierścieni, To wiem na pewno, Avengers: Koniec gry, Kapitan Marvel, Mroczne wody, Avengers: Wojna bez granic, Thor: Ragnarok, Iluzja 2, Team Thor, Avengers: Czas Ultrona, Spotlight, Odruch serca, Foxcatcher, Człowiek z bieguna, Iluzja, Zacznijmy od nowa, Iron Man 3, Avengers, Między nami seksoholikami, Margaret, Wyspa tajemnic, ",240,10,51, USA,Kenosha,0
51,Willem Dafoe,22 lipca 1955,"Appleton, Wisconsin, USA",8.2,64850,"Zdobył Saturn, 18 innych nagród i 37 nominacji","Projekt Floryda, Lighthouse, Cień wampira, Spider-Man: Bez drogi do domu, Van Gogh. U bram wieczności, Spider-Man, Grand Budapest Hotel, Pluton, ","Thomas Wake, Paul Smecker, Sierżant Elias Grodin, Max Schreck, Jezus, Vincent Van Gogh, Bobby Peru, Leonhard Seppala, Bobby, ","Wiking, Poor Things, Kurier Francuski z Liberty, Kansas Evening Sun, Zaułek koszmarów, Hazardzista, Liga Sprawiedliwości Zacka Snydera, Spider-Man: Bez drogi do domu, Jego ostatnie życzenie, Siberia, Tropico, Lighthouse, Osierocony Brooklyn, Tommaso, Togo, Aquaman, Van Gogh. U bram wieczności, Siedem sióstr, The Sleeping Shepherd, Morderstwo w Orient Expressie, Projekt Floryda, Opus Zero, Wielki Mur, Głowa rodziny, Geniusze zbrodni, Ojciec, ",167,19,37, USA,Appleton,0
52,Angelina Jolie,4 czerwca 1975,"Los Angeles, Kalifornia, USA",8.5,64080,"Zdobyła Oscar, 16 innych nagród i 51 nominacji","Pan i pani Smith, Przerwana lekcja muzyki, Oszukana, Czarownica, Turysta, Gia, Gra w serca, Lara Croft: Tomb Raider, ","Lisa Rowe, Gia Carangi, Christine Collins, Julia Russell / Bonny Castle, Jane Smith, Illeana Scott, Sarah Jordan, Amelia Donaghy, ","Eternals, Ci, którzy życzą mi śmierci, Piotruś Pan i Alicja w Krainie Czarów, Czarownica 2, Nad morzem, Czarownica, Salt, Turysta, Wanted - Ścigani, Oszukana, Beowulf, Cena odwagi, Dobry agent, Mr. & Mrs. Smith, Aleksander, Złodziej życia, Sky Kapitan i świat jutra, W gorączce, Lara Croft Tomb Raider: Kolebka życia, Bez granic, Co za życie, Lara Croft: Tomb Raider, Grzeszna miłość, 60 sekund, Kolekcjoner kości, ",10,17,51, USA,Los Angeles,1
53,Kate Winslet,5 października 1975,"Reading, Anglia, Wielka Brytania",8.6,64727,"Zdobyła Oscar, 26 innych nagród i 65 nominacji","Lektor, Titanic 3D, Mare z Easttown, Zakochany bez pamięci, Droga do szczęścia, Rozważna i romantyczna, Steve Jobs, Projektantka, ","Detektyw Mare Sheehan, Hanna Schmitz, Myrtle ""Tilly"" Dunnage, April Wheeler, Clementine Kruczynski, Adele, Sarah Pierce, Mary Anning, Mildred Pierce, ","Avatar 2, Lee, Mare z Easttown, Amonit, Bez pożegnania, Pomiędzy nami góry, Na karuzeli życia, Psy mafii, Ukryte piękno, Projektantka, Zbuntowana, Steve Jobs, Niezgodna, Odrobina chaosu, Długi, wrześniowy weekend, Movie 43, Contagion - Epidemia strachu, Mildred Pierce, Rzeź, Droga do szczęścia, Lektor, Wszyscy ludzie króla, Małe dzieci, Holiday, Romance & Cigarettes, ",6,27,65, Wielka Brytania,Reading,1
54,Robert Więckiewicz,30 czerwca 1967,"Nowa Ruda, Polska",8.2,62948,"Zdobył 5 nagród Orzeł, 6 innych nagród i 15 nominacji","W ciemności, Pod Mocnym Aniołem, Wszystko będzie dobrze, Ile waży koń trojański?, Różyczka, Wymyk, Ukryta gra, Vinci, ","Jerzy, Nauczyciel Andrzej, Jacek, Jan ""Blacha"" Blachowski, Lech Wałęsa, Leopold Socha, Twardowsky, Robert Cumiński ""Cuma"", Roman Rożek, Twardowsky, ","Behawiorysta, Minuta ciszy, Najmro. Kocha, kradnie, szanuje, Miasto, Wesele, Żeby nie było śladów, Ja teraz kłamię, Ukryta gra, Odwróceni. Ojcowie i córki, 1983, Jak pies z kotem, Kler, 7 uczuć, Ślepnąc od świateł, Volta, Katyń – Ostatni świadek, Konwój, Prawdziwe zbrodnie, Romantik, Wspomnienie lata, Twardowsky 2.0, Ziarno prawdy, Król życia, Twardowsky, Pod Mocnym Aniołem, ",191,11,15, Polska,Nowa Ruda,0
55,Marcin Dorociński,22 czerwca 1973,"Milanówek, Polska",8.3,62519,"Zdobył Złota Kaczka, 4 inne nagrody i 16 nominacji","Róża, PitBull, Rewers, Ogród Luizy, Jack Strong, Biały Potok, Boisko bezdomnych, Moje córki krowy, ","Podkomisarz Sławomir Desperski ""Despero"", Tadeusz, Andrzej, Fabian ""Fabio"" Sawicki, Podkomisarz Sławomir Desperski ""Despero"", Vasily Borgov, Sławomir Desperski ""Despero"", Pułkownik Ryszard Kukliński, Tomek Niedzielski, Igor Ladpolny, ","Niebezpieczni dżentelmeni, Czarny młyn, Teściowie, Erynie, Psy 3. W imię zasad, Gambit królowej, Magic Mountains, Biały Potok, Ciemno, prawie noc, Jaś i Małgosia - rodzeństwo, które przeżyło!, Plan B, Zabawa zabawa, 303. Bitwa o Anglię, Pitbull. Ostatni pies, 7 uczuć, Małżeńskie porachunki, Na granicy, Pakt, Operacja Anthropoid, Cape Town, Moje córki krowy, Schandfleck - Der Usedom-Krimi, Pod Mocnym Aniołem, Jack Strong, Serce, Serduszko, ",144,5,16, Polska,Milanówek,0
56,James McAvoy,21 kwietnia 1979,"Glasgow, Szkocja, Wielka Brytania",8.7,63749,"Zdobył BAFTA, 1 inna nagroda i 14 nominacji","Brud, Pokuta, Split, Ostatni król Szkocji, Wanted. Ścigani, X-Men: Pierwsza klasa, X-Men: Apokalipsa, X-Men: Mroczna Phoenix, ","Dennis / Patricia / Hedwig / Bestia / Kevin Wendell Crumb / Barry / Orwell / Jade, Bruce Robertson, Patricia / Dennis / Hedwig / Bestia / Barry / Heinrich / Jade / Ian / Mary Reynolds / Norma / Jalin / Kat / B.T. / Kevin Wendell Crumb / Pan Pritchard / Felida / Luke / Goddard / Samuel / Polly, Robbie Turner, Tom Lefroy, Rory O'Shea, David Percival, ","Bańka, Together, Mój syn, Mroczne materie, X-Men: Mroczna Phoenix, Glass, To: Rozdział 2, Deadpool 2, Zanurzeni, Atomic Blonde, X-Men: Apocalypse, Split, Victor Frankenstein, X-Men: Przeszłość, która nadejdzie, Muppety: Poza prawem, Zniknięcie Eleanor Rigby: Oni, Czas zapłaty, Trans, Brud, Zniknięcie Eleanor Rigby: On, Zniknięcie Eleanor Rigby: Ona, X-Men: Pierwsza klasa, Spisek, Ostatnia stacja, Wanted - Ścigani, ",32,2,14, Wielka Brytania,Glasgow,0
57,Denzel Washington,28 grudnia 1954,"Mount Vernon, Nowy Jork, USA",8.6,63337,"Zdobył 2 nagrody Oscar, 22 inne nagrody i 75 nominacji","Dzień próby, Lot, Płoty, Huragan, Malcolm X, Sława, Tytani - niezapomniana drużyna, Historia Antwona Fishera, ","Alonzo, John W. Creasy, Frank Lucas, Whip Whitaker, Rubin Carter, John Quincy Archibald, Joe Miller, Troy Maxson, Malcolm X, Robert McCall, ","The Equalizer 3, Tragedia Makbeta, Małe rzeczy, Bez litości 2, Roman J. Israel, Siedmiu wspaniałych, Płoty, Chasing Trane: Historia Johna Coltrane'a, Bez litości, Agenci, Safe House, Lot, Księga ocalenia, Niepowstrzymany, Metro strachu, American Gangster, Klub dyskusyjny, Plan doskonały, Deja Vu, Kandydat, Człowiek w ogniu, Wyścig z czasem, John Q., Antwone Fisher, Dzień próby, ",58,24,75, USA,Mount Vernon,1
58,Emma Watson,15 kwietnia 1990,"Paryż, Francja",8.3,62943,"Zdobyła 8 nagród Teen Choice, 26 nominacji","Harry Potter i Insygnia Śmierci, cz.2, Harry Potter i Insygnia Śmierci: Część I, Piękna i Bestia, Charlie, The Circle. Krąg, Harry Potter i Książę Półkrwi, Harry Potter i Kamień Filozoficzny, Harry Potter i Czara Ognia, ","Sam, Pauline Fossil, ","Małe kobietki, Piękna i Bestia, The Circle. Krąg, Regression, Colonia, Noe: Wybrany przez Boga, Bling Ring, To już jest koniec, Charlie, Harry Potter i Insygnia Śmierci: Część II, Mój tydzień z Marilyn, Harry Potter i Insygnia Śmierci: Część I, Harry Potter and the Forbidden Journey, Harry Potter i Książę Półkrwi, Harry Potter i Zakon Feniksa, Zaczarowane baletki, Harry Potter i Czara Ognia, Harry Potter i więzień Azkabanu, Harry Potter i Komnata Tajemnic, Harry Potter i Kamień Filozoficzny, ",32,9,26, Francja,Paryż,0
59,Tom Hiddleston,9 lutego 1981,"Londyn, Anglia, Wielka Brytania",8.5,62612,"Zdobył Złoty Glob, 5 innych nagród i 13 nominacji","Avengers 3D, Loki, Nocny recepcjonista, Thor, Thor: Mroczny świat, Thor: Ragnarok, Kong: Wyspa Czaszki, High-Rise, ","Adam, Jonathan Pine, Thomas Sharpe, ","The Essex Serpent, Loki, Avengers: Koniec gry, Avengers: Wojna bez granic, Leading Lady Parts, Kong: Wyspa Czaszki, Thor: Ragnarok, Nocny recepcjonista, Crimson Peak. Wzgórze krwi, High-Rise, I Saw The Light. Historia Hanka Williamsa, Avengers: Czas Ultrona, Muppety: Poza prawem, Thor: Mroczny świat, Tylko kochankowie przeżyją, Exhibition, Out of Darkness, Avengers, Friend Request Pending, The Hollow Crown, Out of Time, Thor, O północy w Paryżu, Czas wojny, Głębokie błękitne morze, ",50,6,13, Wielka Brytania,Londyn,0
60,Colin Firth,10 września 1960,"Grayshott, Anglia, Wielka Brytania",8.5,62527,"Zdobył Oscar, 19 innych nagród i 17 nominacji","Jak zostać królem, Samotny mężczyzna, Dziennik Bridget Jones, Zakochany Szekspir, Dziewczyna z perłą, Angielski pacjent, Duma i uprzedzenie, Ostateczne rozwiązanie, ","Fitzwilliam Darcy, Król Jerzy VI, Profesor George Falconer, Harry Hart / Galahad, Mark Darcy, Mark Darcy, Sam, Eric Lomax, Pan Whittaker, Mark Darcy, ","Schody, Mothering Sunday, Operation Mincemeat, Tajemniczy ogród, Supernova, 1917, Szczęśliwy książę, Na głęboką wodę, Kursk, Mary Poppins powraca, Mamma Mia! Here We Go Again, Kingsman: Złoty Krąg, Red Nose Day Actually, Bridget Jones 3, Geniusz, Zanim zasnę, Kingsman: Tajne służby, Magia w blasku księżyca, Droga do zapomnienia, Diabelska przełęcz, Gambit, czyli jak ograć króla, Drugie życie króla, Szpieg, Główna ulica, Jak zostać królem, ",69,20,17, Wielka Brytania,Grayshott,1
61,Ian McKellen,25 maja 1939,"Burnley, Anglia, Wielka Brytania",8.8,61658,"Zdobył Złoty Glob, 14 innych nagród i 31 nominacji","Władca Pierścieni: Drużyna Pierścienia, Władca Pierścieni: Powrót króla, Uczeń szatana, Bogowie i potwory, Rasputin, Władca Pierścieni: Dwie wieże, Ryszard III, Hobbit: Tam i z powrotem, ","Sherlock Holmes, ","The Curse of The Buxom Strumpet, Infinitum: Subject Unknown, Koty, Kłamstwo doskonałe, Cała prawda o Szekspirze, Piękna i Bestia, Edmund the Magnificent, The Roof, Pan Holmes, Garderobiany, Miss in Her Teens, Hobbit: Bitwa Pięciu Armii, X-Men: Przeszłość, która nadejdzie, Hobbit: Pustkowie Smauga, Vicious, Wolverine, The Egg Trick, The Five(ish) Doctors Reboot, Hobbit: Niezwykła podróż, Uwięziony, King Lear, For the Love of God, X-Men: Ostatni bastion, Kod da Vinci, Obłąkana miłość, ",16,15,31, Wielka Brytania,Burnley,0
62,Russell Crowe,7 kwietnia 1964,"Wellington, Nowa Zelandia",8.6,61988,"Zdobył Oscar, 15 innych nagród i 49 nominacji","Informator, Nędznicy, Nice Guys. Równi goście, Człowiek ringu, Stan gry, Romper Stomper, Na cały głos, Amerykański gangster, ","John Forbes Nash Jr., Maximus, Jim Braddock, Jake Davis, Roger Ailes, Hando, Bud White, Ben Wade, Jeffrey Wigand, John Brennan, ","Kraven the Hunter, Land of Bad, Rothko, Thor: Miłość i grom, Poker Face, The Georgetown Project, Nieobliczalny, Prawdziwa historia gangu Kelly'ego, Na cały głos, Wymazać siebie, Mumia, Machina wojenna, Nice Guys. Równi goście, Ojcowie i córki, Noe: Wybrany przez Boga, Zimowa opowieść, Źródło nadziei, Człowiek ze stali, Władza, Człowiek o żelaznych pięściach, Les Misérables: Nędznicy, Robin Hood, Dla niej wszystko, Piętno przeszłości, Stan gry, ",56,16,49, Nowa Zelandia,Wellington,1
63,Michael Fassbender,2 kwietnia 1977,"Heidelberg, RFN , (obecnie Niemcy)",8.1,61819,"Zdobył Aktor, 16 innych nagród i 44 nominacje","Wstyd, Bękarty wojny, Zniewolony. 12 Years a Slave, X-Men: Pierwsza klasa, Steve Jobs, Głód, Niebezpieczna metoda, Jane Eyre, ","Brandon Sullivan, Bobby Sands, Edwin Epps, Makbet, Frank, Rochester, Cook, ","Kung Fury II: The Movie, Next Goal Wins, The Killer, X-Men: Mroczna Phoenix, Obcy: Przymierze, Song to Song, Pierwszy śnieg, Alien: Covenant - Prologue: The Crossing, Assassin's Creed, X-Men: Apocalypse, Światło między oceanami, Wbrew rodzinie, Makbet, Slow West, Steve Jobs, X-Men: Przeszłość, która nadejdzie, Frank, Zniewolony. 12 Years a Slave, Adwokat, Prometeusz, The Peter Weyland Files: Happy Birthday, David, Jane Eyre, Ścigana, Niebezpieczna metoda, X-Men: Pierwsza klasa, ",204,17,44, (obecnie Niemcy),Heidelberg,0
64,Nicole Kidman,20 czerwca 1967,"Honolulu, Hawaje, USA",8.2,61165,"Zdobyła Oscar, 27 innych nagród i 89 nominacji","Godziny, Moulin Rouge!, Wielkie kłamstewka, Inni, Lion. Droga do domu, Nine - Dziewięć, Wymazać siebie, Za wszelką cenę, ","Virginia Woolf, Erin Bell, Celeste Wright, Grace Margaret Mulligan, Satine, Grace Stewart, Suzanne Stone Maretto, Gretchen Carlson, Panna Martha, Charlotte Bless, ","Aquaman and the Lost Kingdom, Wiking, Ryk, Dziewięcioro nieznajomych, Being the Ricardos, Od nowa, Bal, Wielkie kłamstewka, Szczygieł, Gorący temat, Aquaman, Wymazać siebie, Niszczycielka, Jak rozmawiać z dziewczynami na prywatkach?, Na pokuszenie, Tajemnice Laketop, Zabicie świętego jelenia, Spragnieni życia, Great Performers: Horror Show, Geniusz, Lion. Droga do domu, Królowa pustyni, Na skraju klifu, Rodzina Fangów, Sekret w ich oczach, ",51,28,89, USA,Honolulu,1
65,Quentin Tarantino,27 marca 1963,"Knoxville, Tennessee, USA",8.9,37438,"Zdobył 2 nagrody Oscar, 40 innych nagród i 82 nominacje","Pewnego razu... w Hollywood, Nienawistna ósemka, Wściekłe psy, Pulp Fiction, Kill Bill, Kill Bill 2, Sin City - Miasto grzechu, Grindhouse: Death Proof, ","""The Man from Hollywood"", ","Pewnego razu... w Hollywood, Nienawistna ósemka, Django, Bękarty wojny, Grindhouse: Death Proof, Sin City - Miasto grzechu, Kill Bill 2, Kill Bill, CSI: Kryminalne zagadki Las Vegas, Jackie Brown, Cztery pokoje, Pulp Fiction, Ostry dyżur, Wściekłe psy, Urodziny mojego najlepszego przyjaciela, Love Birds in Bondage, ",2,42,82, USA,Knoxville,1
66,Keira Knightley,26 marca 1985,"Teddington, Anglia, Wielka Brytania",8.0,60760,"Zdobyła Kryształowa Statuetka, 8 innych nagród i 38 nominacji","Piraci z Karaibów: Skrzynia umarlaka, Piraci z Karaibów: Na krańcu świata, Pokuta, Król Artur, Gra tajemnic, Duma i uprzedzenie, Anna Karenina, Nie opuszczaj mnie, ","Colette, Georgiana, Księżna Devonshire, Elizabeth Bennet, Cecilia Tallis, Anna Arkadiewna Karenina, Vera Phillips, Gretta, ","Silent Night, Niepokorna miss, W domu innego, Zakochany Berlin, Brudna gra, Colette, Dziadek do orzechów i cztery królestwa, Piraci z Karaibów: Zemsta Salazara, Red Nose Day Actually, Ukryte piękno, Everest, Jack Ryan: Teoria chaosu, Gra tajemnic, Życie nie gryzie, Zacznijmy od nowa, Once Upon a Time, Anna Karenina, Przyjaciel do końca świata, Niebezpieczna metoda, Zeszłej nocy, Nie opuszczaj mnie, Londyński bulwar, Steve, The Continuing and Lamentable Saga of the Suicide Brothers, Granice namiętności, ",91,9,38, Wielka Brytania,Teddington,0
67,Ewan McGregor,31 marca 1971,"Perth, Szkocja, Wielka Brytania",8.3,60065,"Zdobył Złoty Glob, 9 innych nagród i 31 nominacji","Moulin Rouge!, Fargo, Autor widmo, Debiutanci, Ptaki Nocy (i fantastyczna emancypacja pewnej Harley Quinn), Halston, Gwiezdne wojny: Część I - Mroczne widmo, Gwiezdne wojny III - Zemsta Sithów, ","Renton, Curt Wild, Christian, Płomyk, Młody Ed Bloom, Catcher Block, Phillip Morris, Emmit Stussy / Ray Stussy, ","Everest, Obi-Wan Kenobi, Halston, The Birthday Cake, Ptaki Nocy (i fantastyczna emancypacja pewnej Harley Quinn), Doktor Sen, Kochanek idealny, Krzysiu, gdzie jesteś?, Piękna i Bestia, T2: Trainspotting, Fargo, Czerwony punkt, Zdrajca w naszym typie, Amerykańska sielanka, Niepokonana Jane, Bezwstydny Mortdecai, Miles Davis i ja, Ostatnie dni na pustyni, The Land of Sometimes, Son of a Gun, Milion sposobów, jak zginąć na Zachodzie, Jack: Pogromca olbrzymów, Sierpień w hrabstwie Osage, Niemożliwe, The Corrections, ",154,10,31, Wielka Brytania,Perth,0
68,Christoph Waltz,4 października 1956,"Wiedeń, Austria",8.8,60248,"Zdobył 2 nagrody Oscar, 17 innych nagród i 9 nominacji","Django, Bękarty wojny, Rzeź, Wielkie oczy, Zielony Szerszeń, Most Dangerous Game, Układ idealny, Spectre, ","Dr King Schultz, Alan Cowan, August Rosenbluth, Walter Keane, Jan Tytz, uciekinier z Auschwitz, Dusan Mirkovic, Qohen Leth, Dr Dyson Ido, Cornelis Sandvoort, ","Reagan & Gorbachev, The Portable Door, Kurier Francuski z Liberty, Kansas Evening Sun, Nie czas umierać, Gilded Rage, Hiszpański romans, Most Dangerous Game, Alita: Battle Angel, Układ idealny, Tulipanowa gorączka, Pomniejszenie, Tarzan: Legenda, Spectre, Muppety: Poza prawem, Wielkie oczy, Szefowie wrogowie 2, Teoria wszystkiego, Django, Green Hornet, Woda dla słoni, Trzej muszkieterowie, Rzeź, Bękarty wojny, Das Jüngste Gericht, Todsünde, ",19,19,9, Austria,Wiedeń,1
69,Charlize Theron,7 sierpnia 1975,"Benoni, RPA",8.3,59248,"Zdobyła Oscar, 15 innych nagród i 65 nominacji","Monster, Mad Max: Na drodze gniewu, Królewna Śnieżka i Łowca, Gorący temat, Łowca i Królowa Lodu, Milion sposobów, jak zginąć na Zachodzie, Hancock, Prometeusz, ","Aileen Wuornos, Megyn Kelly, Marlo, Josey Aimes, Cesarzowa Furiosa, Sara Deever, Mary Ann Lomax, Lorraine Broughton, Gilda Bessé, Mavis Gary, ","Hancock 2, Atomic Blonde 2, The School for Good and Evil, The Old Guard 2, Szybcy i wściekli 9, Agent 13, The Old Guard, Home Movie: The Princess Bride, Niedobrani, Gorący temat, Tully, Raz się żyje, Szybcy i wściekli 8, Atomic Blonde, Łowca i Królowa Lodu, Jej twarz, Mad Max: Na drodze gniewu, Mroczny zakątek, Milion sposobów, jak zginąć na Zachodzie, Królewna Śnieżka i Łowca, Prometeusz, Kobieta na skraju dojrzałości, Droga, Hancock, Sen na jawie, ",25,16,65, RPA,Benoni,1
70,Jared Leto,26 grudnia 1971,"Bossier City, Luizjana, USA",8.1,59028,"Zdobył Oscar, 14 innych nagród i 15 nominacji","Cienka czerwona linia, Dom Gucci, Legion samobójców, Małe rzeczy, Witaj w klubie, Requiem dla snu, Podziemny krąg, Pan życia i śmierci, ","Rayon, Harry Goldfarb, Dorosły Nemo Nobody / Nemo Nobody w wieku 118 lat, Mark Chapman, Paolo Gucci, Albert Sparma, Witalij Orłow, Jack Hayes, Raymond Martinez Fernandez, Lane Dixon, ","Morbius, Adrift, WeCrashed: Upadek start-upu, Liga Sprawiedliwości Zacka Snydera, Małe rzeczy, Dom Gucci, Outsider, Blade Runner 2049, 2036: Nexus Dawn, Legion samobójców, Witaj w klubie, Mr. Nobody, Rozdział 27, Samotne serca, Pan życia i śmierci, Aleksander, Sol Goode, Azyl, Autostrada, American Psycho, Requiem dla snu, Sunset Strip, Przerwana lekcja muzyki, Podziemny krąg, Czarne i białe, ",275,15,15, USA,Bossier City,1
71,Anne Hathaway,12 listopada 1982,"Nowy Jork, Nowy Jork, USA",8.1,58640,"Zdobyła Oscar, 16 innych nagród i 41 nominacji","Nędznicy, Mroczny Rycerz powstaje, Miłość i inne używki, Ślubne wojny, Rachel wychodzi za mąż, Tajemnica Brokeback Mountain, Interstellar, Diabeł ubiera się u Prady, ","Emma Morley, Fantine, Maggie Murdock, Jane Austen, Jules, Linda, Allison, Kym, Franny Ellis, Andrea 'Andy' Sachs, ","Get Happy: The Life of Judy Garland, Sesame Street, She Came to Me, WeCrashed: Upadek start-upu, Armageddon Time, Skazani na siebie, Solówki, Jego ostatnie życzenie, Wiedźmy, Oszustki, Przynęta, Nowoczesna miłość, Mroczne wody, Ocean's 8, Alicja po drugiej stronie lustra, Monstrum, Praktykant, Interstellar, Siła muzyki, Don Peyote, Don Jon, Mroczny Rycerz powstaje, Les Misérables: Nędznicy, Jeden dzień, Alicja w Krainie Czarów, ",69,17,41, USA,Nowy Jork,1
72,Jim Carrey,17 stycznia 1962,"Newmarket, Kanada",8.5,56195,"Zdobył 2 nagrody Złoty Glob, 21 innych nagród i 50 nominacji","Truman Show, Bruce Wszechmogący, Głupi i głupszy, Ace Ventura: Zew natury, Maska, Ace Ventura: Psi detektyw, Jestem na tak, Grinch: świąt nie będzie, ","Andy Kaufman, Jeff / Pan Pickles, Hrabia Olaf, Joel Barish, Ace Ventura, Ace Ventura, Fletcher Reede, Bruce Nolan, ","Sonic 2: Szybki jak błyskawica, Kidding, Sonic. Szybki jak błyskawica, Outsiderka, Prawdziwe zbrodnie, Głupi i głupszy bardziej, Kids, Niewiarygodny Burt Wonderstone, Kick-Ass 2, Legenda telewizji 2: Kontynuacja, Pan Popper i jego pingwiny, Presidential Reunion, I Love You Phillip Morris, Jestem na tak, Numer 23, Dick i Jane: Niezły ubaw, Zakochany bez pamięci, Lemony Snicket: Seria niefortunnych zdarzeń, Bruce Wszechmogący, Pecan Pie, Majestic, Grinch: świąt nie będzie, Ja, Irena i Ja, Człowiek z księżyca, Simon Birch, ",77,23,50, Kanada,Newmarket,0
73,Michael Caine,14 marca 1933,"Londyn, Anglia, Wielka Brytania",8.2,56731,"Zdobył 2 nagrody Oscar, 10 innych nagród i 33 nominacje","Młodość, Wbrew regułom, Hannah i jej siostry, Edukacja Rity, Spokojny Amerykanin, Krew i wino, Kuba Rozpruwacz, O mały głos, ","Milo Tindle, Matthew Morgan, Fred Ballinger, Andrew Wyke, Joe Harding, Dr Wilbur Larch, Harry Brown, ","Jan Žižka, Twist, Best Sellers, Tenet, Piotruś Pan i Alicja w Krainie Czarów, Dear Dictator, Król złodziei, W starym, dobrym stylu, Iluzja 2, Młodość, Łowca czarownic, Obłąkani, Interstellar, Kingsman: Tajne służby, Ostatnia miłość pana Morgana, Iluzja, Mroczny Rycerz powstaje, Podróż na Tajemniczą Wyspę, Incepcja, Harry Brown, Mroczny Rycerz, Czy ktoś tam jest?, Plan bez skazy, Pojedynek, Prestiż, ",177,12,33, Wielka Brytania,Londyn,1
74,Janusz Gajos,23 września 1939,"Dąbrowa Górnicza, Polska",8.6,56347,"Zdobył 5 nagród Orzeł, 14 innych nagród i 15 nominacji","Kler, Body/Ciało, Przesłuchanie, Jasminum, Fuks, Ucieczka z kina ""Wolność"", To ja, złodziej, Milioner, ","Bohater, Cenzor Rabkiewicz, Major Zawada ""Kąpielowy"", Bazyli Miotke, Michał Szmańda, Andrzej Hoffman, Brat Zdrówko, Jan Laguna, Gross ""Siwy"", Arcybiskup Mordowicz, ","Fuks 2, Bez skrupułów, Król, Solid Gold, Kamerdyner, Kler, Najlepszy, Konwój, Zaćma, Operation H²O, Body/Ciało, Układ zamknięty, Bez tajemnic, Wygrany, Mniejsze zło, Ekipa, Jasminum, PitBull, Zakochany Anioł, Solidarność, Solidarność..., PitBull, Chopin. Pragnienie miłości, Zemsta, Przedwiośnie, Przedwiośnie, ",46,19,15, Polska,Dąbrowa Górnicza,0
75,Nicolas Cage,7 stycznia 1964,"Long Beach, Kalifornia, USA",7.6,55080,"Zdobył Oscar, 10 innych nagród i 35 nominacji","Zostawić Las Vegas, Twierdza, Bez twarzy, Adaptacja, Next, Polowanie na czarownice, Ghost Rider, Miasto aniołów, ","Ben Sanderson, Nick Cage / Nicky, Sailor Ripley, Jurij Orłow, Peter Loew, Castor Troy / Sean Archer, Al Columbato, Roy Waller, Charlie Kaufman / Donald Kaufman, Robin Feld, ","Renfield, Nieznośny ciężar wielkiego talentu, The Old Ways, The Retirement Plan, Więźniowie Ghostland, Niewesołe miasteczko, Świnia, Jiu Jitsu, Czas rozliczenia, Instynkt pierwotny, Domino śmierci, Kolor z przestworzy, W środku burzy, Podróże z diabłem, Zwierciadło, Kod 211, Mandy, Powrót z zaświatów, Historia zemsty, Pakt krwi, Manipulacja, Mama i tata, Biuro ludzkości, Snowden, Ostatnia misja USS Indianapolis, ",,11,35, USA,Long Beach,1
76,Julianne Moore,3 grudnia 1960,"Fayetteville, Karolina Północna, USA",8.1,56254,"Zdobyła Oscar, 38 innych nagród i 51 nominacji","Motyl Still Alice, Godziny, Boogie Nights, Daleko od nieba, Magnolia, Zmiana w grze, Mapy gwiazd, Na skróty, ","Alice Howland, Laura Brown, Cathy Whitaker, Sarah Palin, Laurel Hester, Havana Segrand, Gloria, Charley, Barbara Daly Baekeland, Amber Waves, ","When You Finish Saving the World, Kobieta w oknie, Historia Lisey, Drogi Evanie Hansenie, Gloria Steinem. Moje życie w drodze, Mothertrucker, Tuż po weselu, The Staggering Girl, Bel Canto, Gloria Bell, Kingsman: Złoty Krąg, Suburbicon, Wonderstruck, Igrzyska śmierci: Kosogłos. Część 2, Plan Maggie, Tytuł do praw, Siódmy syn, Non-Stop, Mapy gwiazd, Igrzyska śmierci: Kosogłos. Część 1, Motyl Still Alice, 9 Kisses, Nauczycielka angielskiego, Don Jon, Carrie, ",75,39,51, USA,Fayetteville,1
77,Bogusław Linda,27 czerwca 1952,"Toruń, Polska",8.1,55555,"Zdobył 3 nagrody Złota Kaczka, 5 innych nagród i 13 nominacji","Psy, Tato, Kroll, Przypadek, Demony wojny wg Goi, Sezon na leszcza, Kobieta samotna, Gorączka, ","Jacek Grochala, Michał Sulecki, Witek Długosz, Porucznik Arek, Ivan Sekal, Bolko, syn Hansa Heinricha, Major Edward Keller, dowódca kompanii, Louis Antoine Saint-Just, ","Odwilż, Psy 3. W imię zasad, Diablo. Wyścig o wszystko, Planeta Singli 3, Czarny Mercedes, Kobiety mafii, Kobiety mafii, Ach śpij kochanie, Pitbull. Nowe porządki, Powidoki, Paradoks, 1920 Bitwa Warszawska, Sztos 2, Mika i Alfred, Randka w ciemno, Trzy minuty. 21:37, Kajinek, Ratownicy, Prawo miasta, I kto tu rządzi?, Jasminum, Letnia miłość, Jasne błękitne okna, Czas surferów, Dziki 2. Pojedynek, ",282,8,13, Polska,Toruń,0
78,Eddie Redmayne,6 stycznia 1982,"Londyn, Anglia, Wielka Brytania",8.7,55980,"Zdobył Oscar, 5 innych nagród i 26 nominacji","Teoria wszystkiego, Nędznicy, Jupiter: Intronizacja, Proces Siódemki z Chicago, Dziewczyna z portretu, Fantastyczne zwierzęta i jak je znaleźć, Kochanice króla, Fantastyczne zwierzęta: Zbrodnie Grindelwalda, ","Stephen Hawking, Einar Wegener / Lili Elbe, Jack, Eddie Kreezer, Stephen Wraysford, Marius, Tony Baekeland, ","Fantastyczne zwierzęta: Tajemnice Dumbledore'a, Proces Siódemki z Chicago, The Aeronauts, Fantastyczne zwierzęta: Zbrodnie Grindelwalda, Fantastyczne zwierzęta i jak je znaleźć, Jupiter: Intronizacja, Dziewczyna z portretu, Teoria wszystkiego, Les Misérables: Nędznicy, Wojna i miłość, Mój tydzień z Marilyn, Prowincjuszka, The Miraculous Year, Czarna śmierć, Filary Ziemi, Błękitny deszcz, Wspaniały rok 1939, Kochanice króla, The Yellow Handkerchief, Tess D'Urbervilles, Elizabeth: Złoty wiek, Uwikłani, Like Minds, Dobry agent, Elżbieta I, ",38,6,26, Wielka Brytania,Londyn,1
79,Arkadiusz Jakubik,14 stycznia 1969,"Strzelce Opolskie, Polska",8.4,53397,"Zdobył 4 nagrody Orzeł, 5 innych nagród i 19 nominacji","Wołyń, Drogówka, Dom zły, Chce się żyć, Cicha noc, Jestem mordercą, Wesele, Prosta historia o miłości, ","Edward Środoń, Notariusz Jan Janocha, Ksiądz Andrzej Kukuła, Wiesław Kalicki, Maciej Skiba, Arek Gruz, Psycholog więzienny Rafał Wejman, Paweł Rosiński, Kierownik basenu, Sierżant sztabowy Bogdan Petrycki, ","Informacja zwrotna, Klangor, Wesele, Czarna owca, Król, Psy 3. W imię zasad, W głębi lasu, Jak najdalej stąd, Żywioły Saszy – Ogień, Saszka, Kler, Sztuka kochania. Historia Michaliny Wisłockiej, Najlepszy, Człowiek z magicznym pudełkiem, Ach śpij kochanie, Ksiądz, Cicha noc, Wołyń, Jestem mordercą, Performer, Carte Blanche, Ziarno prawdy, Czeski Błąd, Pod Mocnym Aniołem, Kochanie, chyba cię zabiłem, ",96,9,19, Polska,Strzelce Opolskie,0
80,Orlando Bloom,13 stycznia 1977,"Canterbury, Anglia, Wielka Brytania",8.3,55275,"Zdobył Nagroda Filmwebu, 8 innych nagród i 16 nominacji","Piraci z Karaibów: Skrzynia umarlaka, Władca Pierścieni: Drużyna Pierścienia, Władca Pierścieni: Powrót króla, Piraci z Karaibów: Na krańcu świata, Hobbit: Bitwa Pięciu Armii, Królestwo niebieskie, Hobbit 2: Pustkowie Smauga, Władca Pierścieni: Dwie wieże, ","Malky, Brian Epkeen, ","Igła w stogu czasu, Carnival Row, Kamdesh. Afgańskie piekło, Tożsamość zdrajcy, Piraci z Karaibów: Zemsta Salazara, Gniew, Tour de doping, Szanghajska robota, Idea in America, Easy, Nie igraj z ogniem, Hobbit: Bitwa Pięciu Armii, Zulu, Hobbit: Pustkowie Smauga, Dobry doktor, Trzej muszkieterowie, Fight For Your Right Revisited, Główna ulica, Uzdrowiciel na wózku, Zakochany Nowy Jork, Piraci z Karaibów: Na krańcu świata, Piraci z Karaibów: Skrzynia umarlaka, Miłość i inne nieszczęścia, Elizabethtown, Królestwo niebieskie, ",150,9,16, Wielka Brytania,Canterbury,0
81,Maciej Stuhr,23 czerwca 1975,"Kraków, Polska",7.4,52350,,"Pokłosie, Bad Boy, 33 sceny z życia, Sala samobójców. Hejter, Obława, Śluby panieńskie, Obywatel, Przedwiośnie, ","Alek Malinowski, Tomek Wilczyński, Paweł Zawadzki, Józef Kalina, brat Franciszka, Mikołaj Konieczny, Kuba Brenner, Tomek Wilczyński, Podkomisarz Artur Banaś, Henryk Kondolewicz, Mikołaj Konieczny, ","Fucking Bornholm, Fuks 2, Szadź, Powrót do tamtych dni, Sala samobójców. Hejter, Bad Boy, Bad Boy, Na bank się uda, Planeta Singli 3, Pisarze. Serial na krótko, Polityka, II koncert na wiolonczelę i orkiestrę, Polityka, Juliusz, Planeta Singli 2, Belfer, Czerwony kapitan, Planeta Singli, Listy do M. 2, Excentrycy, czyli po słonecznej stronie ulicy, Facet (nie)potrzebny od zaraz, Obywatel, Bezsenność, Drogówka, Wałęsa. Człowiek z nadziei, ",,,, Polska,Kraków,0
82,Rachel McAdams,17 listopada 1978,"London, Kanada",8.1,53757,"Zdobyła 7 nagród Teen Choice, 4 inne nagrody i 32 nominacje","Pamiętnik, Spotlight, Sherlock Holmes, Wredne dziewczyny, Polowanie na druhny, Rodzinny dom wariatów, I że cię nie opuszczę, O północy w Paryżu, ","Allie, Mary, Clare Abshire, Paige, Esti Kuperman, Regina George, Maureen Hope, Annie, Sigrit Ericksdottir, ","Sherlock Holmes 3, Doktor Strange w multiwersum obłędu, Eurovision Song Contest: Historia zespołu Fire Saga, Wieczór gier, Nieposłuszne, Doktor Strange, Every Thing Will Be Fine, Witamy na Hawajach, Do utraty sił, Detektyw, Spotlight, Bardzo poszukiwany człowiek, Czas na miłość, Wątpliwości, I że cię nie opuszczę, Namiętność, O północy w Paryżu, Sherlock Holmes: Gra cieni, Dzień dobry TV, Zaklęci w czasie, Stan gry, Sherlock Holmes, Szczęśliwy powrót, Życie małżeńskie, Polowanie na druhny, ",83,11,32, Kanada,London,0
83,Andrzej Grabowski,15 marca 1952,"Chrzanów, Polska",7.7,51162,,"Pitbull, Bad Boy, Druga połowa, Kop głębiej, Dzień świra, Wszyscy jesteśmy Chrystusami, Pitbull. Nowe porządki, Drogówka, ","Starszy aspirant Jacek Goc ""Gebels"", Ferdynand Kiepski, Starszy aspirant Jacek Goc ""Gebels"", Andrzej Jaroszyński, Maniek Kosela, Roman Kiliński, prywatny przedsiębiorca, Jarosław Kowalik ""Kowal"", Starszy aspirant Jacek Goc ""Gebels"", Zygmunt Jasiński, ojciec Żanety, Starszy aspirant Jacek Goc ""Gebels"", ","Ślub doskonały, Za duży na bajki, Jak pokochałam gangstera, Odwilż, Pitbull, Wygrać marzenia, Gang Zielonej Rękawiczki, Świat według Kiepskich, Blondynka, Lokatorka, W lesie dziś nie zaśnie nikt 2, Druga połowa, Aferzyści: Złe Psy, Piosenki o miłości, Pitbull, Porwać Andrzeja, Pajęczyna, Brigitte Bardot Cudowna, Bad Boy, Wyzwanie, Republika dzieci, Mayday, Bad Boy, Jak nie zgubić siebie, Odwróceni. Ojcowie i córki, ",,,, Polska,Chrzanów,0
84,Ben Affleck,15 sierpnia 1972,"Berkeley, Kalifornia, USA",7.5,50616,"Zdobył 2 nagrody Oscar, 26 innych nagród i 59 nominacji","Operacja Argo, Buntownik z wyboru, Pearl Harbor, Batman v Superman: Świt sprawiedliwości, Zakochany Szekspir, Zapłata, Daredevil, Hollywoodland, ","Christian Wolff, Chuckie Sullivan, Doug MacRay, Wujek Charlie, Nick Dunne, Kapitan Rafe McCawley, Jack, Tony Mendez, Hrabia Pierre d'Alençon, A.J. Frost, ","Justice League Part Two, The Flash, Głęboka woda, Ostatni pojedynek, Liga Sprawiedliwości Zacka Snydera, Bar dobrych ludzi, Witness for the Prosecution, Droga powrotna, Jego ostatnie życzenie, Potrójna granica, Jay i Cichy Bob powracają, Liga Sprawiedliwości, Nocne życie, Batman v Superman: Świt sprawiedliwości, Księgowy, Legion samobójców, Zaginiona dziewczyna, Ślepy traf, Wątpliwości, Operacja Argo, W firmie, Miasto złodziei, Kobiety pragną bardziej, Stan gry, Ekstrakt, ",,28,59, USA,Berkeley,1
85,Agata Kulesza,27 września 1971,"Szczecin, Polska",8.3,50531,"Zdobyła 4 nagrody Orzeł, 8 innych nagród i 15 nominacji","Sala samobójców, Róża, Ida, Jestem mordercą, Zabawa zabawa, 25 lat niewinności. Sprawa Tomka Komendy, Moje pieczone kurczaki, Kilka prostych słów, ","Róża Kwiatkowska, Teresa Klemańska, Marta Makowska, Wanda Gruz, ciotka Anny, Lidia Kalicka, Carmen Rota-Majewska, Prokurator Dorota, Beata Santorska, Matka przełożona Jadwiga Olecka, Mama Ady, ","Wesele, 25 lat niewinności. Sprawa Tomka Komendy, Skazana, Wilk, Rodzinka.pl, Sala samobójców. Hejter, Magnezja, 25 lat niewinności. Sprawa Tomka Komendy, Śniegu już nigdy nie będzie, Królestwo kobiet, Parkiet, Ultraviolet, Pułapka, Zimna wojna, Zabawa zabawa, Pewnego razu w listopadzie, Niewinne, Prawdziwe zbrodnie, Jestem mordercą, Szczęście świata, Krew z krwi, Służby specjalne, Moje córki krowy, Web Therapy, Tam gdzie świeci słońce, ",33,12,15, Polska,Szczecin,0
86,J.K. Simmons,9 stycznia 1955,"Detroit, Michigan, USA",8.3,50176,"Zdobył Oscar, 15 innych nagród i 17 nominacji","Whiplash, Palm Springs, Being the Ricardos, Podkomisarz Brenda Johnson, Odpowiednik, Spider-Man, La La Land, Juno, ","Terence Fletcher, Howard Silk, Vernon Schillinger, Roy, Mac MacGuff, ","Batgirl, Night Sky, Liga Sprawiedliwości Zacka Snydera, Wojna o jutro, National Champions, Kochaj życie, Spider-Man: Bez drogi do domu, Being the Ricardos, Walka z Goliatem, Pogromcy duchów. Dziedzictwo, Palm Springs, W obronie syna, Odpowiednik, Spider-Man: Daleko od domu, Veronica Mars, 21 mostów, Pewny kandydat. Jak nie zostać prezydentem, Renegaci, Pierwszy śnieg, Bękarty, Liga Sprawiedliwości, Nocna jazda, Mnie tu nie ma, Life Support, The Black Ghiandola, ",105,16,17, USA,Detroit,1
87,Mel Gibson,3 stycznia 1956,"Peekskill, Nowy Jork, USA",8.4,45341,"Zdobył 2 nagrody Oscar, 12 innych nagród i 25 nominacji","Waleczne Serce - Braveheart, Zabójcza broń 3, Co wiecie o swoich dziadkach?, Gallipoli, Tim, Patriota, Czego pragną kobiety, Niezniszczalni 3, ","William Wallace, Benjamin Martin, Jerry Fletcher, Hamlet, Justin McLeod, Bret Maverick, ","Agent Game, Hot Seat, Panama, Father Stu, Last Looks, Poziom mistrza, Dangerous, Zabójczy żywioł, Sposób na świętego, Profesor i szaleniec, Krew na betonie, Co wiecie o swoich dziadkach?, Dziedzictwo krwi, Niezniszczalni 3, Maczeta zabija, Dorwać gringo, Podwójne życie, Furia, Paparazzi, Śpiewający detektyw, Byliśmy żołnierzami, Znaki, Million Dollar Hotel, Patriota, Czego pragną kobiety, ",111,14,25, USA,Peekskill,1
88,Viggo Mortensen,20 października 1958,"Nowy Jork, Nowy Jork, USA",8.6,50877,"Zdobył Nagroda Filmwebu, 6 innych nagród i 45 nominacji","Władca Pierścieni: Powrót króla, Green Book, Captain Fantastic, Wschodnie obietnice, Władca Pierścieni: Dwie wieże, Jeszcze jest czas, Władca Pierścieni: Drużyna Pierścienia, Droga, ","Tony Lip, Ben, Nikolai Luzhin, Ojciec, John Peterson, Frank Hopkins, ","Crimes of the Future, Jeszcze jest czas, Green Book, Captain Fantastic, Rozgrywka, Jauja, Ze mną nie zginiesz, W drodze, Todos tenemos un plan, Niebezpieczna metoda, Droga, Dobry człowiek, Appaloosa, Wschodnie obietnice, Kapitan Alatriste, Historia przemocy, Hidalgo - ocean ognia, Władca Pierścieni: Powrót króla, Władca Pierścieni: Dwie wieże, Władca Pierścieni: Drużyna Pierścienia, 28 dni, Spacer po księżycu, Morderstwo doskonałe, Psychol, Cienka czerwona linia, ",24,7,45, USA,Nowy Jork,0
89,Vin Diesel,18 lipca 1967,"Nowy Jork, Nowy Jork, USA",8.2,42509,"Zdobył 2 nagrody Złoty Popcorn, 1 inna nagroda i 24 nominacje","Szybcy i wściekli, Szybcy i wściekli 6, Szeregowiec Ryan, Szybcy i wściekli 7, xXx, Szybcy i wściekli 8, Szybcy i wściekli 5, Szybko i wściekle, ","Richard B. Riddick, Richard B. Riddick, Richard B. Riddick, ","Fast X, Riddick 4: Furya, Szybcy i wściekli 9, Bloodshot, xXx: Reaktywacja, Szybcy i wściekli 8, Najdłuższy marsz Billy'ego Lynna, Szybcy i wściekli 7, Łowca czarownic, Riddick, Szybcy i wściekli 6, Szybcy i wściekli 5, Szybko i wściekle, Los Bandoleros, Babylon A.D., Uznajcie mnie za winnego, Szybcy i wściekli: Tokio Drift, Pacyfikator, Kroniki Riddicka, Odwet, xXx, Synowie mafii, Szybcy i wściekli, Pitch Black, Ryzyko, ",178,3,24, USA,Nowy Jork,0
90,Dwayne Johnson,2 maja 1972,"Hayward, Kalifornia, USA",7.9,48633,"Zdobył 4 nagrody Kryształowa Statuetka, 8 innych nagród i 45 nominacji","Jumanji: Przygoda w dżungli, Mumia powraca, Agent i pół, Podróż na Tajemniczą Wyspę, Szybcy i wściekli: Hobbs i Shaw, Jumanji: Następny poziom, Wyprawa do dżungli, Gracze, ","Sean Porter, Spencer Strasmore, Joe Kingman, Spencer, Bob Stone, Paul Doyle, ","Doc Savage, Arabian Nights, San Andreas 2, Lore, Black Adam, Alpha Squad Seven, Wyprawa do dżungli, Czerwona nota, Młody The Rock, Gracze, Na ringu z rodziną, Szybcy i wściekli: Hobbs i Shaw, Jumanji: Następny poziom, Rampage: Dzika furia, Drapacz chmur, Baywatch. Słoneczny patrol, Szybcy i wściekli 8, Jumanji: Przygoda w dżungli, Agent i pół, Szybcy i wściekli 7, San Andreas, Jem i Hologramy, Hercules, Szybcy i wściekli 6, G.I. Joe: Odwet, ",,12,45, USA,Hayward,0
91,Daniel Radcliffe,23 lipca 1989,"Londyn, Anglia, Wielka Brytania",8.2,49004,"Zdobył 3 nagrody Teen Choice, 2 inne nagrody i 22 nominacje","Harry Potter i Insygnia Śmierci, cz.2, Harry Potter i Kamień Filozoficzny, Harry Potter i Insygnia Śmierci: Część I, Harry Potter i Czara Ognia, Harry Potter i więzień Azkabanu, Harry Potter i Zakon Feniksa, Harry Potter i Książę Półkrwi, Harry Potter i Komnata Tajemnic, ","Manny, Allen Ginsberg, Młody dr Vladimir Bomgard, ","Weird: The Al Yankovic Story, Zaginione miasto, Cudotwórcy: Szlak oregoński, Cudotwórcy: Wieki ciemne, Ucieczka z Pretorii, Unbreakable Kimmy Schmidt: Kimmy kontra Wielebny, Cudotwórcy, Guns Akimbo, Beast of Burden, Dżungla, Lost in London, Iluzja 2, Człowiek-scyzoryk, Imperium, Victor Frankenstein, Wykolejona, The Gamechangers, Na śmierć i życie, Rogi, Słowo na M, Zapiski młodego lekarza, Kobieta w czerni, Harry Potter i Insygnia Śmierci: Część II, Harry Potter i Insygnia Śmierci: Część I, Harry Potter and the Forbidden Journey, ",228,5,22, Wielka Brytania,Londyn,0
92,Martin Freeman,8 września 1971,"Aldershot, Anglia, Wielka Brytania",8.4,49017,"Zdobył Emmy, 3 inne nagrody i 12 nominacji","Sherlock, Hobbit: Tam i z powrotem, Czarna Pantera, Fargo, Hobbit 2: Pustkowie Smauga, Hobbit: Bitwa Pięciu Armii, Biuro, To właśnie miłość, ","Lester Nygaard, Mike Priddle, Andy, John, Artur Dent, ","Czarna Pantera: Wakanda w moim sercu, Policjant, Rodzice, Gadające głowy, Perfekcjonistka, Wyznanie, Oda do radości, Czarna Pantera, To Provide All People, Sherlock, Przebudzenie dusz, StartUp, Ładunek, Whiskey Tango Foxtrot, Kapitan Ameryka: Wojna bohaterów, Fargo, Eichmann Show, Hobbit: Bitwa Pięciu Armii, Hobbit: Pustkowie Smauga, Svengali: Droga na szczyt, To już jest koniec, Hobbit: Niezwykła podróż, Animals, Swingowanie z Finkelami, Ilu miałaś facetów?, ",71,4,12, Wielka Brytania,Aldershot,0
93,Adam Driver,19 listopada 1983,"San Diego, Kalifornia, USA",8.1,48981,"Zdobył Saturn, 11 innych nagród i 38 nominacji","Historia małżeńska, Gwiezdne wojny: Przebudzenie Mocy, Paterson, Annette, Czarne bractwo. BlacKkKlansman, Gwiezdne wojny: Część 8 - Ostatni Jedi, Złaknieni, Dziewczyny, ","Charlie Barber, Henry McHenry, Paterson, Daniel Jones, Adam Sackler, Toby, Maurizio Gucci, Jacques Le Gris, ","Enzo Ferrari, 65, White Noise, Annette, Ostatni pojedynek, Dom Gucci, Gwiezdne wojny: Skywalker. Odrodzenie, Truposze nie umierają, Raport, Historia małżeńska, Człowiek, który zabił Don Kichota, Czarne bractwo. BlacKkKlansman, Dziewczyny, Gwiezdne wojny: Ostatni Jedi, Logan Lucky, Opowieści o rodzinie Meyerowitz (utwory wybrane), Midnight Special, Milczenie, Paterson, Gwiezdne wojny: Przebudzenie Mocy, Powiedzmy sobie wszystko, Ta nasza młodość, Złaknieni, Zimowy ptaszek, Co jest grane, Davis?, ",258,12,38, USA,San Diego,0
94,Mark Wahlberg,5 czerwca 1971,"Boston, Massachusetts, USA",7.8,48400,"Zdobył Critics' Choice, 2 inne nagrody i 38 nominacji","Infiltracja, Ted, Ocalony, Fighter, Transformers: Wiek zagłady, Boogie Nights, Transformers: Ostatni Rycerz, Ted 2, ","Sierżant sztabowy Sean Dignam, David McCall, Bob Lee Swagger, Marcus Luttrell, Bobby Mercer, Micky Ward, Mickey, Pete, Mike Williams, Vince Papale, ","Uncharted, Father Stu, W nieskończoność, The Six Billion Dollar Man, Good Joe Bell, Śledztwo Spensera, Eskorta, Rodzina od zaraz, Transformers: Ostatni Rycerz, Co wiecie o swoich dziadkach?, Wszystkie pieniądze świata, Żywioł. Deepwater Horizon, Dzień patriotów, Ted 2, Nieznajomy z Mojave, Tata kontra tata, Ekipa, Transformers: Wiek zagłady, Gracz, Władza, Agenci, Sztanga i cash, Ocalony, Kontrabanda, Ted, ",,3,38, USA,Boston,0
95,Daniel Craig,2 marca 1968,"Chester, Anglia, Wielka Brytania",8.3,48654,"Zdobył Critics' Choice, 2 inne nagrody i 20 nominacji","Skyfall, Nie czas umierać, Casino Royale, Na noże, Głosy, Spectre, Przekładaniec, Przetrzymać tę miłość, ","Benoit Blanc, Mikael Blomkvist, Rudy Mackenzie, Szturmowiec JB-007, Will Atenton, ","Nie czas umierać, Purity, Na noże, Logan Lucky, Kings, Spectre, Gwiezdne wojny: Przebudzenie Mocy, Skyfall, Dom snów, Dziewczyna z tatuażem, Kowboje i obcy, The Organ Grinder's Monkey, 007 Quantum of Solace, Opór, Zakochany głupiec, Inwazja, Złoty kompas, Bez skrupułów, Casino Royale, Obłęd, Archanioł, Monachium, Los utracony, Przetrzymać tę miłość, Przekładaniec, ",149,3,20, Wielka Brytania,Chester,0
96,Mads Mikkelsen,22 listopada 1965,"Kopenhaga, Dania",8.7,48323,"Zdobył Złota Palma, 6 innych nagród i 21 nominacji","Polowanie, Na rauszu, Hannibal, Pusher II - Krew na rękach, Łotr 1. Gwiezdne wojny - historie, Jabłka Adama, Tuż po weselu, Kochanek królowej, ","Lucas, Ivan, Martin, Tonny, Svend, Markus, Johann Friedrich Struensee, Overgård, ","War Below Zero, Untitled Indiana Jones Project, Fantastyczne zwierzęta: Tajemnice Dumbledore'a, Ruchomy chaos, The Billion Dollar Spy, Na rauszu, Jeźdźcy sprawiedliwości, Polar, Arktyka, Van Gogh. U bram wieczności, Łotr 1. Gwiezdne wojny - historie, Doktor Strange, Le Fantôme, Hannibal, Mężczyźni i kurczaki, Wybawiciel, Michael Kohlhaas, Charlie musi umrzeć, Kochanek królowej, Polowanie, Move On, Trzej muszkieterowie, Starcie tytanów, Valhalla: Mroczny wojownik, Chanel i Strawiński, ",37,7,21, Dania,Kopenhaga,0
97,Robert Pattinson,13 maja 1986,"Londyn, Anglia, Wielka Brytania",8.1,47937,"Zdobył 2 nagrody Kryształowa Statuetka, 21 innych nagród i 22 nominacje","Saga ""Zmierzch"": Zaćmienie, Saga ""Zmierzch"": Księżyc w nowiu, Saga ""Zmierzch"": Przed świtem. Część 2, Twój na zawsze, Saga ""Zmierzch"": Przed świtem. Część 1, Woda dla słoni, How to Be, Lighthouse, ","Thomas Howard, Wielebny Preston Teagardin, Connie Nikas, Neil, Tyler Hawkins, Reynolds, Delfin, Jacob Jankowski, Henry Costin, ","Batman, Diabeł wcielony, Tenet, Lighthouse, Król, Czekając na barbarzyńców, Damulka, High Life, Good Time, Zaginione miasto Z, Królowa pustyni, Life, Dzieciństwo wodza, Rover, Mapy gwiazd, Uwodziciel, Saga ""Zmierzch"": Przed świtem. Część 2, Cosmopolis, Woda dla słoni, Saga ""Zmierzch"": Przed świtem. Część 1, Saga ""Zmierzch"": Zaćmienie, Twój na zawsze, Miłość i brak zaufania, The Summer House, Saga ""Zmierzch"": Księżyc w nowiu, ",267,23,22, Wielka Brytania,Londyn,0
98,Robin Williams,21 lipca 1951,"Chicago, Illinois, USA",8.7,46495,"Zdobył Oscar, 15 innych nagród i 37 nominacji","Buntownik z wyboru, Pani Doubtfire, Stowarzyszenie Umarłych Poetów, Good Morning, Vietnam, Hook, Fisher King, Zdjęcie w godzinę, Klatka dla ptaków, ","John Keating, Sean Maguire, Daniel Hillard / Pani Euphegenia Doubtfire, Doktor Malcolm Sayer, Parry, Starszy szeregowy Adrian Cronauer, Patch Adams, Chris Nielsen, Armand Goldman, Seymour 'Sy' Parrish, ","Choleryk z Brooklynu, Wesołe kurcze święta, Noc w muzeum: Tajemnica grobowca, Bulwar, Wielkie wesele, Oblicze miłości, Kamerdyner, Przereklamowani, Stare wygi, Najlepszy ojciec świata, Noc w muzeum 2, Całe życie z wariatami, August Rush, Licencja na miłość, RV: Szalone wakacje na kółkach, Nocny słuchacz, Człowiek roku, Noc w muzeum, Ciało za milion, Wersja ostateczna, Głowa do góry, Czekając na cud, The Rutles 2: Can't Buy Me Lunch, Freedom: A History of Us, Smoochy, ",27,16,37, USA,Chicago,1
99,Heath Ledger,4 kwietnia 1979,"Perth, Australia",8.8,47651,"Zdobył Oscar, 19 innych nagród i 24 nominacje","Tajemnica Brokeback Mountain, I'm Not There. Gdzie indziej jestem, Obłędny rycerz, Zakochana złośnica, Candy, Królowie Dogtown, Ned Kelly, Partnerska rozgrywka, ","Ennis Del Mar, Patrick Verona, Dan, Tony, William Thatcher, Gabriel Martin, Giacomo Casanova, Jacob Grimm, Bob Dylan / Robbie Clark, ","Parnassus, Mroczny Rycerz, I'm Not There. Gdzie indziej jestem, Candy, Nieustraszeni bracia Grimm, Casanova, Tajemnica Brokeback Mountain, Królowie Dogtown, Zjadacz grzechów, Ned Kelly, Cena honoru, Obłędny rycerz, Czekając na wyrok, Patriota, Zakochana złośnica, Partnerska rozgrywka, Prawo miecza, Żyć w Blackrock, Cztery łapy, Siódme poty, Wyspa przygód, Clowning Around, ",13,20,24, Australia,Perth,1
